"time","Lon","Lat"
2012-10-15 08:59:15,147.67,-43.133
2012-10-15 18:50:04,147.67,-43.133
2012-10-16 08:51:01,148.594940396947,-44.7122255317913
2012-10-16 18:49:12,148.959794600425,-44.8120035792558
2012-10-17 08:48:55,149.196818819216,-44.4627420727346
2012-10-17 18:52:32,148.929729070919,-43.9035599110462
2012-10-18 08:44:46,150.207492667577,-43.0266288066603
2012-10-18 18:39:13,151.084273473829,-42.976514110674
2012-10-19 08:48:55,149.845595816238,-42.8433210606589
2012-10-19 18:35:26,151.697609548068,-42.2731039385713
2012-10-20 08:43:54,150.666966521188,-41.4959675733791
2012-10-20 18:36:52,151.533139316442,-41.2791867722906
2012-10-21 08:49:20,149.583205466636,-41.3245661014469
2012-10-21 18:42:22,150.268993680401,-41.2402251901181
2012-10-22 08:43:56,150.616961047721,-40.6187745690411
2012-10-22 18:41:46,150.600212830865,-40.3256970380801
2012-10-23 08:48:27,149.856708468364,-40.2949385488899
2012-10-23 19:15:44,150.494946499942,-39.3133776971905
2012-10-24 08:14:44,153.513990096776,-38.0931686292509
2012-10-24 19:00:49,151.09326019439,-39.0764752354595
2012-10-25 08:49:44,150.297693998143,-40.831564496187
2012-10-25 18:37:14,150.262374949822,-40.9717670158619
2012-10-26 08:51:34,150.177690725177,-40.6094651055405
2012-10-26 18:35:09,150.924705004886,-40.269558752806
2012-10-27 08:29:46,152.533853595004,-40.1863184031822
2012-10-27 18:47:10,149.847585826926,-40.6131377603998
2012-10-28 09:04:39,148.231709117809,-41.5803514713904
2012-10-28 18:39:21,149.225330069675,-40.8984199865465
2012-10-29 08:44:47,151.217709865184,-39.9756183459323
2012-10-29 18:40:58,149.72508054429,-40.0802935186219
2012-10-30 08:57:55,149.677150805299,-40.4787913614006
2012-10-30 18:35:36,149.791069684923,-40.2761775675614
2012-10-31 08:49:49,150.951496454667,-40.1123296123419
2012-10-31 18:41:10,149.709326306019,-40.0503343524727
2012-11-01 08:44:42,151.007707703522,-40.3441229249222
2012-11-01 18:55:37,148.846867197942,-40.4360616429635
2012-11-02 09:03:51,149.250148203109,-41.1224562705739
2012-11-02 18:33:22,149.342500626893,-40.7655985130345
2012-11-03 08:44:06,151.139544261643,-39.9582077142116
2012-11-03 18:41:41,148.154593593623,-41.418125898451
2012-11-04 09:21:41,145.906514120423,-44.9165351538723
2012-11-04 18:40:16,142.980166889098,-46.678600909122
2012-11-05 10:25:17,138.839021680558,-52.568971967901
2012-11-05 18:37:04,136.388378170014,-53.1933354679014
2012-11-06 10:44:54,129.912510147327,-52.907652118323
2012-11-06 20:00:41,124.160167170147,-52.7066731560094
2012-11-07 11:33:02,119.147795224841,-52.5277046073857
2012-11-07 20:15:42,114.966669653434,-52.495670096427
2012-11-08 12:35:03,110.988063836526,-54.4556206981889
2012-11-08 20:10:43,109.739910224281,-54.6484654180118
2012-11-09 13:01:45,108.954710505236,-56.9118653450298
2012-11-09 19:51:20,109.11664285225,-57.0809940844098
2012-11-10 12:59:49,105.947040857575,-55.1297771959022
2012-11-10 20:31:36,104.12718684796,-54.8382510353158
2012-11-11 13:07:52,104.392186812742,-54.812063437662
2012-11-11 20:28:41,103.228892550277,-54.8500201254664
2012-11-12 13:20:23,101.716643730769,-54.3474860523649
2012-11-12 20:35:50,101.341032278717,-54.2157933448109
2012-11-13 13:24:47,99.4481787767924,-53.3785867663825
2012-11-13 20:51:54,98.4101640997118,-53.3274806759384
2012-11-14 13:44:52,95.0564323120959,-53.2816590139012
2012-11-14 21:12:19,93.8888987755683,-53.1919695410417
2012-11-15 14:06:40,93.9712475543106,-55.237783889426
2012-11-15 20:45:25,95.0199605410641,-55.2357288931296
2012-11-16 13:53:38,94.428526585617,-53.0534671595658
2012-11-16 21:37:42,94.9503463640289,-52.1674111047158
2012-11-17 13:01:51,106.092195988131,-52.5976058535543
2012-11-17 20:15:50,107.643345488009,-52.5326901527139
2012-11-18 12:13:39,119.858585116758,-52.8429185818987
2012-11-18 19:10:50,122.783039835999,-52.321760103613
2012-11-19 10:32:41,138.206554661046,-47.6553697935937
2012-11-19 18:22:41,140.65547511675,-47.0465350916234
2012-11-20 09:49:02,147.67,-43.133
2012-11-20 18:00:41,147.67,-43.133
2012-11-21 09:50:24,147.67,-43.133
2012-11-21 17:59:50,147.67,-43.133
2012-11-22 09:51:45,147.67,-43.133
2012-11-22 17:59:01,147.67,-43.133
2012-11-23 09:53:06,147.67,-43.133
2012-11-23 17:58:15,147.67,-43.133
2012-11-24 09:54:26,147.67,-43.133
2012-11-24 17:57:31,147.67,-43.133
2012-11-25 09:55:45,147.67,-43.133
2012-11-25 17:56:50,147.67,-43.133
2012-11-26 09:33:53,149.632672406102,-42.3038231465139
2012-11-26 18:06:52,148.930955674577,-42.2720984129326
2012-11-27 09:44:52,146.99181334355,-42.2197239307553
2012-11-27 18:21:20,145.250580773684,-42.8015846218562
2012-11-28 10:10:05,143.628639984651,-45.4820850457087
2012-11-28 18:13:26,141.909725282784,-46.7705414730205
2012-11-29 11:24:10,135.410793226996,-52.2747625521916
2012-11-29 18:35:59,133.284618098025,-52.5017700896811
2012-11-30 11:48:57,133.534924902368,-54.716635045756
2012-11-30 18:01:00,132.509654127551,-54.9480511827643
2012-12-01 12:23:37,131.816053194763,-56.9270513525205
2012-12-01 17:41:19,131.664471256213,-56.9363458748974
2012-12-02 12:03:50,135.949872061854,-56.1683993170513
2012-12-02 17:29:12,136.514542665761,-55.7120566080864
2012-12-03 10:55:14,139.071170996792,-48.2688114969592
2012-12-03 18:22:44,139.762875810723,-46.8523252166084
2012-12-04 10:06:44,147.67,-43.133
2012-12-04 17:52:31,147.67,-43.133
2012-12-05 10:07:50,147.67,-43.133
2012-12-05 17:52:15,147.67,-43.133
2012-12-06 10:08:55,147.67,-43.133
2012-12-06 17:52:03,147.67,-43.133
2012-12-07 10:03:46,148.23507991623,-44.0198870720752
2012-12-07 17:52:10,148.72167536884,-44.1664371413233
2012-12-08 09:55:16,149.475409778004,-43.8564506580642
2012-12-08 17:56:06,148.483368307083,-44.0337119582438
2012-12-09 10:18:48,146.048290497376,-45.0552761699105
2012-12-09 17:59:18,145.724897396269,-46.111439407104
2012-12-10 10:48:14,149.458854428994,-52.56270367102
2012-12-10 16:48:36,149.732254388933,-53.5199624461359
2012-12-11 11:45:12,145.402509369135,-56.450160614287
2012-12-11 16:47:10,144.74211219087,-56.4257587827369
2012-12-12 13:41:09,143.405008931004,-61.1159435827523
2012-12-12 14:59:52,143.454473223532,-61.1211356447537
2012-12-13 13:23:59,138.715391775838,-60.2549181117256
2012-12-13 15:50:47,138.685839324494,-60.3381461142922
2012-12-14 13:34:00,128.402012698808,-58.7818804085584
2012-12-14 17:16:21,128.309096681082,-58.4877839754978
2012-12-15 12:33:18,128.16335418844,-53.7011611790295
2012-12-15 18:28:18,128.822042291966,-52.5750317807086
2012-12-16 10:19:15,140.630833842875,-43.4973620938594
2012-12-16 18:46:29,140.592023094152,-42.8425213280444
2012-12-17 10:18:31,147.67,-43.133
2012-12-17 17:52:48,147.67,-43.133
2012-12-18 10:19:10,147.67,-43.133
2012-12-18 17:53:09,147.67,-43.133
2012-12-19 10:19:46,147.67,-43.133
2012-12-19 17:53:33,147.67,-43.133
2012-12-20 10:20:20,147.67,-43.133
2012-12-20 17:53:59,147.67,-43.133
2012-12-21 10:20:51,147.67,-43.133
2012-12-21 17:54:28,147.67,-43.133
2012-12-22 10:21:19,147.67,-43.133
2012-12-22 17:55:00,147.67,-43.133
2012-12-23 10:21:45,147.67,-43.133
2012-12-23 17:55:35,147.67,-43.133
2012-12-24 10:22:09,147.67,-43.133
2012-12-24 17:56:12,147.67,-43.133
2012-12-25 10:35:56,150.607490722362,-49.7231727121527
2012-12-25 17:09:30,151.091196722385,-50.6876911699789
2012-12-26 10:59:17,150.09298048039,-53.6938310421872
2012-12-26 16:56:47,149.012373691529,-54.0559190273019
2012-12-27 11:34:39,146.975636487396,-55.3970040035012
2012-12-27 16:50:08,146.369575566459,-55.6678976190811
2012-12-28 12:08:28,143.647801633171,-57.012102373816
2012-12-28 16:45:59,143.289929574237,-57.0556920571301
2012-12-29 12:50:59,138.133150019074,-58.178010304996
2012-12-29 16:56:45,138.134905470056,-57.9576796786686
2012-12-30 12:12:52,142.864151945209,-57.07598415035
2012-12-30 16:46:00,143.215302966512,-57.0301612561939
2012-12-31 11:11:01,140.837403064447,-48.6314684396249
2012-12-31 18:21:01,141.356295423176,-47.3841562373642
2013-01-01 10:23:36,147.67,-43.133
2013-01-01 18:02:36,147.67,-43.133
2013-01-02 10:23:34,147.67,-43.133
2013-01-02 18:03:35,147.67,-43.133
2013-01-03 10:23:30,147.67,-43.133
2013-01-03 18:04:35,147.67,-43.133
2013-01-04 10:23:22,147.67,-43.133
2013-01-04 18:05:37,147.67,-43.133
2013-01-05 10:05:41,149.264750794296,-42.3690740799783
2013-01-05 18:16:24,149.512064728591,-41.9450191622624
2013-01-06 10:01:05,150.192632368236,-42.4374244390356
2013-01-06 18:09:26,149.493544076646,-43.5246204099205
2013-01-07 10:22:46,146.957071989361,-46.5002914987881
2013-01-07 18:57:46,144.617982468109,-46.9725184973343
2013-01-08 11:04:52,144.738247871674,-51.1458038532356
2013-01-08 17:42:47,144.454247141998,-52.1110501526987
2013-01-09 12:06:08,135.746066801154,-54.2428991599493
2013-01-09 18:26:31,135.014331942418,-54.1608646453717
2013-01-10 13:28:01,143.119182553103,-61.8359974750663
2013-01-10 15:35:19,143.267013187334,-61.9819131376457
2013-01-11 12:59:50,144.70941553352,-61.2887964454624
2013-01-11 15:56:09,144.772250385195,-61.3535279510455
2013-01-12 13:07:50,143.511296783288,-61.5963218211268
2013-01-12 15:58:40,143.491416719579,-61.6473118205588
2013-01-13 13:41:11,137.746540558926,-62.0345372475111
2013-01-13 16:20:21,137.749499511535,-61.9438310140932
2013-01-14 13:09:07,138.811073412283,-61.2424544322575
2013-01-14 16:39:03,138.724946861258,-61.2116566941487
2013-01-15 13:38:26,137.512068564597,-62.3031181161344
2013-01-15 16:19:58,137.567198322116,-62.3332247994721
2013-01-16 13:29:17,136.950840060632,-62.1269963308411
2013-01-16 16:31:13,136.94690654271,-62.1961814709213
2013-01-17 13:35:05,132.359393469589,-61.6831026986995
2013-01-17 17:11:58,132.277575742184,-61.5318840418883
2013-01-18 12:24:41,131.1826515879,-55.9098363003787
2013-01-18 18:52:30,131.267998425172,-54.4034201136022
2013-01-19 11:07:56,140.026903644594,-50.5012680699359
2013-01-19 18:32:39,141.1072235274,-49.7325730320322
2013-01-20 10:15:30,147.67,-43.133
2013-01-20 18:25:44,147.67,-43.133
2013-01-21 10:14:40,147.67,-43.133
2013-01-21 18:27:09,147.67,-43.133
2013-01-22 10:13:47,147.67,-43.133
2013-01-22 18:28:35,147.67,-43.133
2013-01-23 10:12:53,147.67,-43.133
2013-01-23 18:30:01,147.67,-43.133
2013-01-24 10:47:44,144.578261041084,-50.9074128867841
2013-01-24 18:18:00,144.179185915758,-52.2558334606873
2013-01-25 12:23:12,146.145877986215,-62.5939479499024
2013-01-25 16:26:20,146.371348850141,-62.9159374555827
2013-01-26 12:41:21,142.078146561233,-62.9920165802711
2013-01-26 16:48:51,142.043217826648,-62.9863528607967
2013-01-27 12:43:52,137.898591963972,-62.5347058241204
2013-01-27 17:15:07,137.523145408522,-62.7188703988591
2013-01-28 13:20:45,124.827363365236,-61.6256194400688
2013-01-28 18:36:46,123.829409243289,-61.4533614697808
2013-01-29 14:03:53,116.560025752525,-62.4695879613933
2013-01-29 18:58:11,116.460550036539,-62.2354648293511
2013-01-30 13:43:16,117.899308911241,-61.7560236507985
2013-01-30 19:03:04,117.762150957605,-61.6795712908964
2013-01-31 13:35:25,118.993610440519,-61.8054581937864
2013-01-31 19:00:35,119.254998356271,-61.7386720972977
2013-02-01 13:05:58,121.939056937215,-60.707073688153
2013-02-01 19:06:12,121.591063364571,-60.7429411230749
2013-02-02 12:55:49,124.725610084593,-61.0759231234363
2013-02-02 18:51:46,124.713877854022,-61.2713732970707
2013-02-03 12:48:07,127.755740087641,-61.7069892354353
2013-02-03 18:37:28,128.053062829297,-61.7324768789364
2013-02-04 12:25:45,129.615995639868,-60.2796783445606
2013-02-04 18:50:38,130.484386581942,-59.6376747779458
2013-02-05 11:18:42,137.739359645971,-56.6451564035234
2013-02-05 18:41:29,137.742809858058,-56.731539732468
2013-02-06 11:30:40,131.392315888955,-54.8881650150834
2013-02-06 19:39:16,128.02031987527,-54.7406007462792
2013-02-07 12:17:45,121.454416254383,-55.7721436395279
2013-02-07 20:08:26,119.478398832407,-55.8183895000069
2013-02-08 12:40:16,113.795655624771,-55.0335783389202
2013-02-08 20:54:01,110.765146913266,-55.2694369120378
2013-02-09 13:38:32,106.003581860252,-59.5602345299078
2013-02-09 20:42:47,105.608365993851,-59.9446685267451
2013-02-10 14:05:57,102.006383997368,-61.7270635459689
2013-02-10 20:47:48,101.548044810419,-61.7956339166485
2013-02-11 14:10:40,97.7948563124135,-60.7122501505901
2013-02-11 21:18:29,96.6111446089026,-60.823863133251
2013-02-12 14:45:05,88.0379616243972,-60.4049244455467
2013-02-12 22:09:21,86.349688003827,-60.291208044057
2013-02-13 15:12:50,82.728095657733,-61.7292030473353
2013-02-13 22:17:31,82.2331056985139,-61.7751785672842
2013-02-14 15:16:36,80.889914911125,-61.6607538898683
2013-02-14 22:27:33,80.9192091386209,-61.3449910160854
2013-02-15 15:00:52,78.6557019745863,-58.2997863405505
2013-02-15 23:11:51,78.3153981129516,-57.3366442952209
2013-02-16 14:21:14,84.6962017940169,-56.1260719352874
2013-02-16 22:52:22,85.4714977231,-56.0320302187925
2013-02-17 13:30:12,96.1495345992388,-55.6261542903911
2013-02-17 21:59:09,98.2356887466232,-55.6255984255881
2013-02-18 12:45:52,106.120175295842,-55.6143900035979
2013-02-18 21:27:14,106.333444329931,-55.9255029316385
2013-02-19 12:30:18,109.320743710862,-56.5205258318728
2013-02-19 21:22:14,107.447811322035,-57.1182096478662
2013-02-20 13:04:36,105.592488316086,-59.5230439778929
2013-02-20 21:17:31,104.84932780495,-60.0833426589683
2013-02-21 13:30:26,98.8489528277017,-60.3517359952451
2013-02-21 21:56:42,95.8480547911294,-60.7984901322689
2013-02-22 14:16:42,90.8382641361319,-63.0560534380471
2013-02-22 22:03:12,90.0929519806127,-63.4551350822413
2013-02-23 14:56:43,79.506676082747,-62.6998251291996
2013-02-23 23:07:58,77.8221656167537,-62.1683557831298
2013-02-24 14:49:51,77.1266735664487,-61.056199627806
2013-02-24 23:27:14,74.8152921711773,-61.031030286041
2013-02-25 15:14:15,70.0226304200105,-60.5391116346139
2013-02-26 00:02:27,67.5066391718515,-60.4800919589169
2013-02-26 15:35:26,62.0015831125359,-59.4304292007775
2013-02-27 01:27:09,56.9019120853858,-58.7234925860542
2013-02-27 15:46:22,58.0611325048567,-58.9036358678824
2013-02-28 01:01:46,55.7807956680721,-59.0413164678518
2013-02-28 16:04:57,54.1111046453889,-59.2839445065595
2013-03-01 01:12:37,53.2880651881595,-59.1827860736857
2013-03-01 16:04:43,51.8019575859428,-58.5048961334927
2013-03-02 01:39:55,49.0291785168823,-58.3845057330604
2013-03-02 16:08:04,51.0781306271251,-58.9034247388889
2013-03-03 01:27:12,50.8122212163722,-59.1365180960205
2013-03-03 16:04:32,51.4331440197433,-59.1830525413551
2013-03-04 01:32:13,50.3860385504442,-59.2151964753634
2013-03-04 16:05:39,49.6893991113657,-58.8740439980388
2013-03-05 01:53:30,47.2046123816262,-58.9254978466622
2013-03-05 16:05:54,49.9616184920554,-59.7097683517031
2013-03-06 01:36:01,50.0070015193566,-59.9274382734953
2013-03-06 15:56:52,50.7291298050241,-59.9056518955277
2013-03-07 01:49:59,47.4058300443839,-60.1775580115092
2013-03-07 16:25:37,44.5906395329719,-60.8306363709136
2013-03-08 02:02:39,43.7217795373041,-60.9001204844673
2013-03-08 16:39:23,39.4538757533429,-60.0829851252511
2013-03-09 02:43:34,35.7458873963856,-59.7253403815136
2013-03-09 17:07:44,31.1743473060796,-58.8229694279415
2013-03-10 03:20:28,28.4531045648349,-58.283801017244
2013-03-10 17:02:55,29.2193731569149,-57.6033105262418
2013-03-11 03:42:34,25.5901134643251,-57.4654997664545
2013-03-11 17:06:27,28.2212683541806,-57.8379553528777
2013-03-12 03:33:11,26.2030893906235,-58.3150716822517
2013-03-12 17:19:56,26.2711811349298,-59.2677181218164
2013-03-13 03:28:05,26.7582674018698,-59.4804828160839
2013-03-13 17:06:40,27.98231439953,-59.4910160559938
2013-03-14 03:38:52,25.3155540541733,-59.7400939140852
2013-03-14 17:20:43,24.4906868969329,-60.3091334195805
2013-03-15 03:55:05,21.7697438896952,-60.5845866580186
2013-03-15 17:25:03,23.2420411379862,-61.2972247726082
2013-03-16 03:49:15,22.3540749635779,-61.7365054709983
2013-03-16 17:27:49,22.5357149577903,-62.1839476979674
2013-03-17 03:52:39,22.009062101164,-62.2641711315787
2013-03-17 17:29:13,21.0614342184733,-62.0260141433403
2013-03-18 04:12:11,19.0945109823933,-61.7974105607891
2013-03-18 17:14:14,22.5466188341926,-61.5627037896429
2013-03-19 04:10:21,19.939574132938,-61.6370749363341
2013-03-19 17:19:32,21.3105728425309,-61.8412657567205
2013-03-20 04:17:39,18.7578060532824,-62.0907660805688
2013-03-20 17:18:55,20.8648462310155,-62.3922635950466
2013-03-21 04:17:35,18.8774877789062,-62.5436976538626
2013-03-21 17:20:23,20.0518874680803,-62.8177604983293
2013-03-22 04:22:04,18.4365566928154,-62.951894346599
2013-03-22 17:12:04,21.1092947621669,-63.2122564967427
2013-03-23 04:26:15,19.4810979524445,-63.4091058790106
2013-03-23 16:47:55,26.5761442505473,-63.8720929098092
2013-03-24 03:42:35,30.0687228414521,-64.0875717960387
2013-03-24 15:48:58,41.3062523707019,-64.3436980551301
2013-03-25 02:03:29,53.928866013031,-63.7601790445477
2013-03-25 14:22:56,61.7498073947482,-63.9360229201407
2013-03-26 01:10:41,68.1030107329499,-64.1325229261325
2013-03-26 13:35:43,73.3922282485799,-64.5630415579935
2013-03-27 00:07:45,84.9694117448942,-64.1360513467295
2013-03-27 11:35:12,101.13767901991,-63.4605030614578
2013-03-27 22:21:18,112.456222704145,-63.2793249203841
2013-03-28 09:54:17,125.973726979276,-63.0124634327514
2013-03-28 20:43:39,136.872757048411,-62.4860556657772
2013-03-29 08:36:09,143.77230614999,-61.798126233768
2013-03-29 20:15:17,145.821321227477,-61.2681893487808
2013-03-30 08:06:51,150.784051843068,-60.7460582437367
2013-03-30 19:47:37,152.893721419264,-59.9909616925541
2013-03-31 07:41:33,156.055012660639,-58.9272747896144
2013-03-31 20:12:34,156.333115966621,-57.3164586509908
2013-04-01 06:27:31,162.007144429217,-55.6773231013046
2013-04-01 19:14:42,162.392794236605,-52.3963645133717
2013-04-02 07:06:48,164.093927111287,-49.2020763491171
2013-04-02 19:07:43,163.985282486478,-45.6103007015678
2013-04-03 07:04:43,165.045606014321,-41.6602084240828
2013-04-03 18:56:24,166.95683822638,-37.4796168934984
2013-04-04 06:38:39,170.786501484816,-32.8519585286976
2013-04-04 18:29:01,172.161045262451,-27.9785808504509
2013-04-05 06:40:55,171.14011083109,-22.8479914198468
2013-04-05 18:42:55,168.842404957891,-17.4690170515109
2013-04-06 07:01:52,167.756355707269,-11.6473043058988
2013-04-06 18:32:36,169.074123001838,-6.85345104252366
2013-04-07 07:11:35,166.447981027563,-1.3433516910935
2013-04-07 18:38:23,166.583427505286,2.59647746709274
2013-04-08 07:26:19,163.461652273851,7.29172769373406
2013-04-08 18:53:13,161.804191856452,10.7266256448091
2013-04-09 07:54:10,157.560532598163,15.005127768659
2013-04-09 19:17:18,154.590468081627,18.0956708094264
2013-04-10 08:35:45,149.13520157563,21.964666982089
2013-04-10 19:36:29,148.288561638421,23.7002764945313
2013-04-11 08:49:12,146.183311947352,25.7867582093758
2013-04-11 19:48:10,144.939018261703,27.1027430280915
2013-04-12 09:01:37,143.729730727469,29.0082728148064
2013-04-12 19:58:46,142.689793799251,30.2910981538988
2013-04-13 09:05:04,144.359020460498,32.8860397867995
2013-04-13 19:32:55,145.281552722074,34.4902198613875
2013-04-14 09:15:58,143.660611854843,36.3636138259926
2013-04-14 19:31:32,144.861360406197,36.7755887813776
2013-04-15 09:06:30,145.793386200535,37.2105756235987
2013-04-15 19:25:30,145.982078894528,37.3963379288469
2013-04-16 09:06:36,146.529975683134,37.7028675718269
2013-04-16 19:21:34,147.71618186826,37.588214491246
2013-04-17 08:34:04,152.803327076366,38.0210691743492
2013-04-17 18:49:38,153.417041553193,38.6744979819433
2013-04-18 08:41:40,152.995720652046,39.1555568952972
2013-04-18 18:52:25,152.179703992528,39.5566870523856
2013-04-19 08:57:26,150.306081235056,39.9591166586558
2013-04-19 19:00:17,149.726911398129,39.9506504776601
2013-04-20 09:05:27,148.520911002486,39.7212599864239
2013-04-20 19:06:37,148.245533217116,39.4436640857066
2013-04-21 09:01:50,149.034160952493,39.1650021494552
2013-04-21 19:09:58,148.572730702728,39.1034590568503
2013-04-22 08:48:53,151.618848579358,39.8887275141824
2013-04-22 18:53:43,151.043181367533,40.7289210066141
2013-04-23 08:56:29,153.607382055926,43.4125838692053
2013-04-23 18:26:03,156.068260758226,44.157762250872
2013-04-24 08:07:15,166.860265644741,46.5081907118851
2013-04-24 17:12:30,169.745729283023,47.5955550366653
2013-04-25 07:50:30,173.206082242914,48.3663043867246
2013-04-25 16:53:02,173.546947348737,48.8274013484396
2013-04-26 07:57:07,173.214751538153,49.1701152763754
2013-04-26 16:53:46,173.10539147585,49.2993208768397
2013-04-27 07:50:23,175.709795290992,50.1517888815209
2013-04-27 16:35:02,175.808244522289,50.6217994563478
2013-04-28 07:56:09,176.32994666053,51.669471763431
2013-04-28 16:24:20,176.435061196491,51.8413301165024
2013-04-29 08:03:59,174.091161417843,50.6650550682815
2013-04-29 16:47:57,173.138987386187,50.1868605917207
2013-04-30 07:57:11,175.652223519713,50.4587749836151
2013-04-30 16:28:50,175.81141699155,50.5841667947706
2013-05-01 08:00:05,175.699665882082,50.5604528815902
2013-05-01 16:29:22,175.471669006768,50.5227589305869
2013-05-02 07:56:12,176.440295482067,50.210175604394
2013-05-02 16:25:56,176.166146770398,50.2291759296359
2013-05-03 07:59:37,176.329367425191,50.3071033153632
2013-05-03 16:22:37,176.18401041532,50.4032438549499
2013-05-04 08:04:02,176.300535423423,50.7321109967665
2013-05-04 16:18:03,176.690203127975,50.5496996036376
2013-05-05 07:50:08,178.383607831579,49.81878378762
2013-05-05 16:14:54,177.780447880197,49.9375472255839
2013-05-06 07:58:29,177.599147341292,50.2942791207346
2013-05-06 16:13:39,176.841959679482,50.5959861234476
2013-05-07 08:20:44,174.814283216043,51.6822295636687
2013-05-07 16:14:53,175.048815791814,51.5866289932512
2013-05-08 08:14:06,175.789178496088,51.0838965693976
2013-05-08 16:12:41,175.969461005837,50.9689284756299
2013-05-09 08:01:15,178.252037268896,50.6252464306192
2013-05-09 16:03:36,177.748440300708,50.8501038959835
2013-05-10 08:10:33,177.740549476686,51.6797441387438
2013-05-10 15:58:48,177.013872882698,52.0864346306236
2013-05-11 08:42:43,174.257007309208,53.9412767456717
2013-05-11 15:56:43,174.409565836097,53.8257330521077
2013-05-12 08:35:14,173.224937030491,51.963328478493
2013-05-12 16:15:30,172.862182904802,51.5397008613925
2013-05-13 08:27:20,173.133493280571,50.1930143549557
2013-05-13 16:21:55,172.625250588552,50.1142723566109
2013-05-14 08:36:30,172.741982927689,50.8784251291461
2013-05-14 16:15:53,173.048486851717,50.8320482024483
2013-05-15 08:23:46,175.424028362454,50.6034186218379
2013-05-15 16:01:56,175.764256502103,50.6957094612285
2013-05-16 08:17:15,177.367996888333,50.3133369580923
2013-05-16 15:56:57,177.48557720366,50.2604587062692
2013-05-17 08:12:20,179.616149094757,50.4741390999519
2013-05-17 15:41:22,180.519065402831,50.1340284744071
2013-05-18 07:37:14,182.741354232169,47.0183090464982
2013-05-18 15:57:58,181.877584199185,46.8826785632566
2013-05-19 07:42:02,184.748005872061,48.8657911988577
2013-05-19 15:24:12,184.559683324915,49.7462730751412
2013-05-20 08:21:52,180.510364920713,52.0217513194783
2013-05-20 15:30:03,180.037752745673,52.0847377575042
2013-05-21 08:32:32,178.577710911207,52.1884230182651
2013-05-21 15:34:31,178.822320643287,51.77381965379
2013-05-22 08:06:37,179.319267359442,48.904106994476
2013-05-22 15:53:26,178.559842592114,48.7894046332729
2013-05-23 08:17:40,179.325772268021,49.968682555187
2013-05-23 15:38:30,179.356617577833,50.2161895411472
2013-05-24 08:25:23,179.036495177705,50.7229810076912
2013-05-24 15:37:53,178.951870837425,50.6219076702001
2013-05-25 08:20:58,179.958545717654,50.3859676622919
2013-05-25 15:33:15,180.104842685704,50.2558871212094
2013-05-26 08:06:15,182.644132673116,49.6501123798769
2013-05-26 15:24:10,182.800338640581,49.6528905738219
2013-05-27 08:00:25,183.430109957142,48.7678102026738
2013-05-27 15:28:27,183.420011418047,48.5865142801813
2013-05-28 07:47:09,186.227282642535,48.4023309649226
2013-05-28 15:14:04,186.206260153031,48.6206026696049
2013-05-29 07:56:59,185.466046080504,48.9478147856253
2013-05-29 15:16:04,185.490755265085,48.7553021012907
2013-05-30 07:47:08,185.904595894102,47.7102509087546
2013-05-30 15:20:03,185.379596042124,47.7655025691791
2013-05-31 08:02:01,182.477858193584,47.2878152810136
2013-05-31 15:41:33,181.883890247924,47.0384147716595
2013-06-01 08:01:52,183.767997357434,48.2928920183514
2013-06-01 15:18:37,184.031493089501,48.6616581329084
2013-06-02 08:09:25,183.771449675664,49.1296439742085
2013-06-02 15:17:10,184.003040337803,48.942466454806
2013-06-03 07:53:01,185.104721619621,47.4173733573851
2013-06-03 15:23:11,184.770955270876,47.3420562088544
2013-06-04 07:59:54,183.947856400225,47.7476983228204
2013-06-04 15:23:58,183.302258839582,47.9829899166159
2013-06-05 08:20:57,181.443636306281,49.0658320546123
2013-06-05 15:24:18,181.234090937974,49.1327586292265
2013-06-06 08:23:03,179.713418149876,48.2275043053927
2013-06-06 15:37:13,179.459727934932,48.0633564413422
2013-06-07 08:21:34,177.323169622318,46.059823025303
2013-06-07 16:13:27,176.404513085244,45.7677346183539
2013-06-08 08:24:05,180.066063504358,48.4704825307209
2013-06-08 15:24:14,180.734875480849,49.094499607175
2013-06-09 08:32:26,180.382389059962,49.7077105632007
2013-06-09 15:23:54,180.313880736404,49.7529559333972
2013-06-10 08:37:32,180.211755395544,50.3375580863991
2013-06-10 15:18:52,180.062572832926,50.336825036959
2013-06-11 08:41:27,178.167452959474,49.3321895605222
2013-06-11 15:39:00,178.084624619674,48.9640696457591
2013-06-12 08:26:12,180.860855365566,48.9368213763874
2013-06-12 15:22:18,180.998247157152,49.1454685880837
2013-06-13 08:32:59,178.829501315261,48.4630269832553
2013-06-13 15:40:39,178.268896925047,48.4219605647541
2013-06-14 08:49:34,178.10179336605,50.3219412520616
2013-06-14 15:25:40,178.153483160042,50.4268553748936
2013-06-15 08:50:56,177.474495285851,50.1598455986166
2013-06-15 15:30:26,177.438727586781,50.0742930304613
2013-06-16 08:43:11,177.059294955934,48.8096681123493
2013-06-16 15:44:26,176.717232814391,48.7277145237427
2013-06-17 08:50:55,177.678521446971,50.0942601029655
2013-06-17 15:28:12,177.892176828955,50.1950557161488
2013-06-18 08:50:13,178.77028351142,50.6814957505426
2013-06-18 15:19:41,178.785962323101,50.7524560137434
2013-06-19 08:49:38,177.022749593421,49.5700299003656
2013-06-19 15:39:54,176.411549759602,49.6452793939035
2013-06-20 09:12:36,173.79774348185,50.6313433203832
2013-06-20 15:44:08,173.977441643727,50.3526441698736
2013-06-21 08:47:51,175.754122159568,48.777146092596
2013-06-21 15:51:22,175.266328530778,48.8108123813815
2013-06-22 09:07:38,176.352721992357,51.500488251918
2013-06-22 15:23:39,176.604270981995,51.7344650274913
2013-06-23 09:11:53,178.914132441766,53.2629366146043
2013-06-23 14:58:37,179.291183849564,53.3544676561134
2013-06-24 08:57:58,181.302890224172,52.9733756493774
2013-06-24 14:56:17,181.269105502526,52.9622158866059
2013-06-25 09:02:03,183.336184918103,54.2374112199247
2013-06-25 14:34:04,183.497056331386,54.3235888853593
2013-06-26 08:55:19,183.692670496981,53.7072864643859
2013-06-26 14:41:05,183.651613274211,53.6690182694917
2013-06-27 08:55:28,183.50501191416,53.5608852055664
2013-06-27 14:45:07,183.525086726004,53.5300165140233
2013-06-28 09:00:28,184.143544105898,54.441019653363
2013-06-28 14:32:21,184.155863263004,54.4906714656273
2013-06-29 08:58:21,184.933393192654,54.5195023463976
2013-06-29 14:29:36,185.050214484808,54.4513265071786
2013-06-30 08:42:57,185.59557358209,53.3364883181957
2013-06-30 14:38:22,185.551289055704,53.3728467959244
2013-07-01 08:41:53,185.478698658531,53.1258052947157
2013-07-01 14:42:23,185.319985471159,53.1608089371338
2013-07-02 08:58:02,185.133590554932,54.6756570726876
2013-07-02 14:29:49,185.279094210846,54.6685726851446
2013-07-03 08:41:51,186.178783502961,53.6154947541605
2013-07-03 14:38:43,186.133727307431,53.4911344188941
2013-07-04 08:32:49,185.220403913748,52.1735535087725
2013-07-04 14:55:17,184.898161688003,52.1926578782803
2013-07-05 08:42:00,183.351700336225,52.2377577675394
2013-07-05 15:03:26,183.269161695887,52.1279331674413
2013-07-06 08:36:34,185.047252358402,52.7343229781088
2013-07-06 14:48:27,185.088858875519,52.9427859940167
2013-07-07 08:41:10,182.776461485291,52.0416825445048
2013-07-07 15:10:28,182.623830015646,51.908917891163
2013-07-08 08:35:58,184.041523289898,52.2956977503694
2013-07-08 14:59:49,183.955868933802,52.4530067506516
2013-07-09 08:46:39,182.15989004518,52.6715759454766
2013-07-09 15:08:56,182.053753835353,52.5871089049801
2013-07-10 08:42:25,181.453104901044,51.847542386397
2013-07-10 15:19:27,181.426110056853,51.6662775993602
2013-07-11 08:31:01,182.155849186425,50.9020486308866
2013-07-11 15:23:49,181.920176852203,50.9352675216103
2013-07-12 08:37:27,181.737915576343,51.6500047864134
2013-07-12 15:20:12,181.705349152435,51.6857630194616
2013-07-13 08:34:22,181.73798369793,51.4229994930855
2013-07-13 15:23:53,181.729820779828,51.4424286750903
2013-07-14 08:33:01,182.413998989584,51.6074660931895
2013-07-14 15:20:20,182.402399838981,51.5164121933123
2013-07-15 08:26:17,180.657369395427,49.8583804290711
2013-07-15 15:45:14,179.913811727371,49.7698997720284
2013-07-16 08:31:54,179.918005990421,50.2590558055252
2013-07-16 15:39:50,179.953013989752,50.2988189576977
2013-07-17 08:32:06,178.630898590208,49.6360797706869
2013-07-17 15:53:35,178.342497810029,49.5060133878274
2013-07-18 08:26:56,178.088784402733,48.6964077581327
2013-07-18 16:02:10,177.670817402576,48.7299696669398
2013-07-19 08:33:08,177.812333232702,49.4349341231425
2013-07-19 15:58:37,178.070386840044,49.3678614045081
2013-07-20 08:17:56,180.252938892331,49.2732256406256
2013-07-20 15:50:18,179.982176469635,49.5248562907677
2013-07-21 08:30:30,179.094534402891,50.5498816197818
2013-07-21 15:50:19,179.054809727141,50.576981923588
2013-07-22 08:27:30,178.684154962736,49.9019238805665
2013-07-22 15:59:39,178.379842063538,49.7141840142083
2013-07-23 08:19:30,179.101513452513,49.3137793510425
2013-07-23 15:59:12,178.747458591506,49.4039021968639
2013-07-24 08:28:41,176.607207249282,48.9870747173338
2013-07-24 16:14:12,176.27744243573,48.7578788036433
2013-07-25 08:23:02,174.910170850931,47.2190366597281
2013-07-25 16:39:05,173.842177834715,47.0650397623725
2013-07-26 08:30:34,175.489188166015,48.9920780782118
2013-07-26 16:15:51,175.877781071369,49.402174710478
2013-07-27 08:26:55,177.284330834814,50.1872668763222
2013-07-27 16:10:03,177.591892980459,50.2669797891308
2013-07-28 08:11:14,183.065702938024,52.1134658497573
2013-07-28 15:29:05,183.872189535098,52.6290948523092
2013-07-29 08:09:45,184.394343073573,52.9008530178947
2013-07-29 15:27:55,184.431316592392,52.9976021746403
2013-07-30 08:08:45,184.592814526514,53.1719780508659
2013-07-30 15:30:26,184.410197104064,53.0866645261599
2013-07-31 08:02:26,185.135332895044,53.0177220909419
2013-07-31 15:28:46,185.256923796215,53.026319646295
2013-08-01 07:51:57,187.697916630523,53.0993071424907
2013-08-01 15:19:37,187.91840217482,53.0737390000033
2013-08-02 07:37:24,190.676175348977,53.0112150383112
2013-08-02 15:07:58,191.138156819444,53.0380100936898
2013-08-03 07:21:18,194.357446908419,53.252547644256
2013-08-03 14:54:16,194.626954809381,53.3672493918554
2013-08-04 07:13:57,196.208117498146,53.7805610058462
2013-08-04 14:46:05,196.103283427923,54.0278299692902
2013-08-05 07:18:50,197.228936228927,55.4326422914473
2013-08-05 14:33:00,197.40314793521,55.6267537663413
2013-08-06 07:18:51,198.160272506602,56.3239729410597
2013-08-06 14:22:25,198.904743387237,56.462587730515
2013-08-07 07:04:42,198.460406345292,55.0855178438046
2013-08-07 14:38:52,197.696709438327,55.2611840977444
2013-08-08 07:25:44,195.611496466727,56.2880712990071
2013-08-08 14:40:18,196.656845404097,55.9568592171935
2013-08-09 06:43:29,199.606106728548,53.5905901704924
2013-08-09 14:50:33,198.384742280139,53.7448198855891
2013-08-10 07:13:09,196.810765352537,56.0324878773882
2013-08-10 14:40:49,197.184028080764,56.2258366881321
2013-08-11 07:17:07,195.330825867986,56.036068176842
2013-08-11 14:51:25,196.209747338124,55.5753039002975
2013-08-12 06:38:31,198.951357584602,53.0419055990851
2013-08-12 15:00:51,198.193930756508,52.9082889266401
2013-08-13 06:38:30,199.421254593493,53.3978300329291
2013-08-13 14:54:21,198.753797647977,53.8497890361266
2013-08-14 07:02:42,195.039384189119,54.9201968986968
2013-08-14 15:08:57,194.22861435982,55.0948330050021
2013-08-15 07:13:58,192.808051659454,55.7322061631924
2013-08-15 15:11:49,193.242801394701,55.6254109865375
2013-08-16 06:57:03,195.110959791412,54.7651915280505
2013-08-16 15:10:32,195.716002211756,54.4814509892729
2013-08-17 06:28:35,200.027519850839,53.9466211809838
2013-08-17 14:52:34,200.123761194947,54.3024037245127
2013-08-18 06:42:30,196.292745103128,53.5703320132281
2013-08-18 15:26:30,195.063426579155,53.3056481294331
2013-08-19 06:34:01,198.444528059903,54.2397704545011
2013-08-19 14:59:01,199.476195135208,54.4842254955569
2013-08-20 06:22:14,200.650716200457,54.1733782401042
2013-08-20 14:58:12,200.741377265459,54.1465043134316
2013-08-21 06:18:33,200.956586208729,53.7536491347802
2013-08-21 15:00:18,201.135742878589,53.5377075279983
2013-08-22 06:03:39,201.984316014979,52.3854587376732
2013-08-22 15:09:27,200.84720417923,52.2591301400215
2013-08-23 06:15:56,198.813409291302,51.7866561117046
2013-08-23 15:26:34,198.772167394318,51.3659639937755
2013-08-24 05:45:57,203.154739724086,51.4415462251624
2013-08-24 15:06:35,202.256156712018,52.2538686728982
2013-08-25 06:14:06,199.718373687392,53.8179568154459
2013-08-25 15:12:13,199.513819283008,54.1724194972497
2013-08-26 06:24:06,197.414283270914,54.6304722457746
2013-08-26 15:22:52,197.174158199073,54.5229051554048
2013-08-27 06:21:07,196.183125687809,53.8168463917497
2013-08-27 15:40:47,194.756036595791,53.6926907252269
2013-08-28 06:21:06,195.74525122752,54.2651931011803
2013-08-28 15:35:41,195.047573126159,54.8113143971309
2013-08-29 06:33:06,194.397775091854,56.2008337144721
2013-08-29 15:26:39,195.719605351866,56.4965893870831
2013-08-30 06:27:30,195.26224829103,56.127056492629
2013-08-30 15:26:40,197.068884599074,55.7743645914459
2013-08-31 05:58:00,199.85874378799,54.5215960553674
2013-08-31 15:22:02,199.948192599952,54.3894607932006
2013-09-01 05:55:26,199.999495135023,54.1537560804359
2013-09-01 15:25:17,199.594096081432,54.3697537964196
2013-09-02 06:05:12,197.307947412347,54.562113014375
2013-09-02 15:39:54,196.475600977818,54.7243921385521
2013-09-03 06:10:03,195.996425422606,55.0428907799907
2013-09-03 15:37:20,197.02577632636,55.030815268344
2013-09-04 05:56:26,198.375475470661,54.8054452046184
2013-09-04 15:29:59,199.308632948398,54.9282034500635
2013-09-05 05:53:50,198.417660699664,54.5612946485414
2013-09-05 15:36:07,199.15267337541,54.305343627471
2013-09-06 05:14:05,201.970195650108,53.8388550720306
2013-09-06 15:39:15,198.913484027559,54.4993556345862
2013-09-07 06:05:56,195.319482123543,56.1038404055196
2013-09-07 15:37:50,197.6637382685,56.2926886573361
2013-09-08 05:54:17,196.795642793503,55.5222515446652
2013-09-08 15:44:36,197.489654392447,55.3400405687464
2013-09-09 05:42:00,198.078122303812,54.7189848094342
2013-09-09 15:49:25,197.398294220579,54.6566269902925
2013-09-10 05:42:13,197.886288869987,54.7669126582303
2013-09-10 15:46:48,198.141056451608,54.9592404424888
2013-09-11 05:43:04,197.665875623167,55.1775036583423
2013-09-11 15:40:42,199.666219618035,55.2339166307009
2013-09-12 05:32:30,198.627773059397,54.6419874133824
2013-09-12 15:57:06,197.109110252913,54.6803663699544
2013-09-13 05:45:45,195.44319597976,55.1118968261595
2013-09-13 16:00:01,196.1241179939,55.2041118726913
2013-09-14 05:43:46,195.20328360006,55.0318037757045
2013-09-14 16:04:47,195.71548752728,54.8222804780973
2013-09-15 05:32:53,196.604203336433,54.406449253192
2013-09-15 16:03:22,196.811826277604,54.3085047229134
2013-09-16 05:29:12,196.850838974721,53.994201789297
2013-09-16 16:08:23,196.170544163585,53.9958152007966
2013-09-17 05:28:09,195.980949617262,53.8195750020939
2013-09-17 16:19:38,193.82367886746,53.9240404806303
2013-09-18 05:51:16,190.330715835952,53.6441072719425
2013-09-18 16:40:40,189.072081918445,53.135892509915
2013-09-19 06:03:51,186.093666359113,51.8463493623423
2013-09-19 17:01:25,185.325560587041,50.701087243223
2013-09-20 05:59:02,185.499087864321,48.915110487551
2013-09-20 17:08:36,184.727830866958,47.4620386797376
2013-09-21 05:49:03,185.612058633136,45.4991460614025
2013-09-21 17:26:57,182.883395995927,43.762595993887
2013-09-22 05:53:17,184.904722615717,41.9353770575456
2013-09-22 17:11:23,184.976299148802,40.3318182067913
2013-09-23 05:55:18,184.45274780762,38.031143872769
2013-09-23 17:08:39,186.28802432921,35.9403235438636
2013-09-24 05:40:19,187.713059964135,33.0673551582207
2013-09-24 16:44:29,192.036626358426,30.2510195231309
2013-09-25 05:32:00,189.328049228278,26.0378994256063
2013-09-25 16:51:10,190.838452907135,22.6247484135099
2013-09-26 05:41:11,186.48685696269,17.627235199055
2013-09-26 17:11:31,186.333253525398,13.7682391921473
2013-09-27 05:48:33,184.448991135086,8.86525247805053
2013-09-27 17:12:32,185.531412691082,4.90679448999647
2013-09-28 05:56:24,182.532639864009,-0.183277546993812
2013-09-28 17:25:48,182.201001312637,-4.07211253033581
2013-09-29 06:08:26,179.871828731353,-8.94269409126196
2013-09-29 17:30:30,180.229030172043,-12.4569546189649
2013-09-30 06:18:58,177.854746984427,-16.9556433818148
2013-09-30 17:35:43,178.114155234335,-20.0294101798588
2013-10-01 06:32:47,174.800341610542,-23.9069735115948
2013-10-01 17:55:50,172.706501067094,-26.609902852405
2013-10-02 06:54:35,170.229446165946,-30.0125026345738
2013-10-02 18:02:43,169.41755031002,-32.3032120030532
2013-10-03 07:14:36,166.295801994331,-35.1585029625808
2013-10-03 18:15:24,165.446472001963,-36.775079173867
2013-10-04 07:22:23,164.972255295182,-39.0038630882204
2013-10-04 18:13:47,164.189591143939,-40.529661432899
2013-10-05 07:52:08,158.791405743734,-42.0858718121753
2013-10-05 18:49:48,155.959378306945,-42.5853389953116
2013-10-06 08:06:30,155.605478338966,-43.636279002555
2013-10-06 18:47:09,154.579258486393,-44.3196162138538
2013-10-07 08:22:09,152.922420129588,-45.3020836560484
2013-10-07 18:51:20,152.481371460388,-45.5399361273466
2013-10-08 08:24:31,152.709736577713,-45.7474306891249
2013-10-08 18:46:40,153.123253058277,-45.6085359016901
2013-10-09 08:16:21,154.201908662286,-45.0164393595679
2013-10-09 18:48:51,153.327244025022,-44.8558022710444
2013-10-10 08:11:34,155.754815821503,-45.3048659150623
2013-10-10 18:35:48,155.360262520847,-45.6779788991991
2013-10-11 08:13:16,156.428019172251,-46.479551797777
2013-10-11 18:25:46,156.431429116224,-46.9816965659443
2013-10-12 08:17:43,156.714858926422,-47.7096302618232
2013-10-12 18:18:03,157.391762754742,-47.743532755723
2013-10-13 08:11:57,157.850894339514,-47.4077232981353
2013-10-13 18:20:20,156.982817919235,-47.3444386069228
2013-10-14 08:17:15,157.289630259962,-47.6501186270485
2013-10-14 18:16:00,157.120099538217,-47.664940936826
2013-10-15 08:21:11,156.8652842497,-47.5662297219861
2013-10-15 18:16:16,156.813631251828,-47.2574839774657
2013-10-16 08:19:46,156.640669822469,-46.4917502495105
2013-10-16 18:21:36,155.550190691815,-46.2210280811151
2013-10-17 08:25:37,154.81785951395,-45.6522415374999
2013-10-17 18:30:35,153.465778286676,-45.4375462643299
2013-10-18 08:30:48,153.054940310931,-45.3751841208231
2013-10-18 18:41:21,150.3631544056,-45.7737650318137
2013-10-19 09:02:56,147.923005055628,-46.8745919880786
2013-10-19 18:45:33,148.217705227026,-46.713648351142
2013-10-20 08:48:49,151.432178136447,-46.7381693023638
2013-10-20 18:23:24,152.999506019471,-46.4909894729526
2013-10-21 08:19:50,157.276534052376,-45.6795336102842
2013-10-21 18:06:46,157.176454950489,-45.5652446291133
2013-10-22 08:22:21,156.460946231624,-45.064717040556
2013-10-22 18:19:51,153.948459159485,-45.2954168462694
2013-10-23 08:54:32,150.446596606862,-45.809215212475
2013-10-23 18:43:26,148.142365638776,-45.7592345568757
2013-10-24 09:12:06,146.65105549184,-45.875226522474
2013-10-24 18:45:35,146.582677279157,-45.3425525821009
2013-10-25 09:12:09,147.67,-43.133
2013-10-25 18:33:56,147.67,-43.133
2013-10-26 09:13:31,147.67,-43.133
2013-10-26 18:32:22,147.67,-43.133
2013-10-27 08:34:07,155.268267617233,-44.7189216997677
2013-10-27 17:55:55,156.800061412884,-45.7308571684784
2013-10-28 08:39:56,156.548853796586,-46.3866013716041
2013-10-28 17:53:56,156.754895833139,-46.3815964888756
2013-10-29 08:37:51,156.719025527169,-45.8182955650573
2013-10-29 17:55:53,156.451951217009,-45.5537831517892
2013-10-30 08:39:19,155.638481165739,-44.5019167417921
2013-10-30 18:06:16,154.621502628589,-44.178591449151
2013-10-31 08:46:50,153.663463478445,-43.5607657651527
2013-10-31 18:14:58,152.876875523645,-43.216581258212
2013-11-01 08:46:24,152.679615423753,-42.6800240206066
2013-11-01 18:21:51,150.868530971983,-42.7610118632614
2013-11-02 09:23:14,147.67,-43.133
2013-11-02 18:21:54,147.67,-43.133
2013-11-03 09:24:39,147.67,-43.133
2013-11-03 18:20:30,147.67,-43.133
2013-11-04 09:24:29,148.078281792588,-46.6411796948714
2013-11-04 18:15:01,147.543362896617,-47.7642416691399
2013-11-05 09:49:22,146.575886231811,-51.2530819885544
2013-11-05 18:01:35,145.895180490039,-52.248473028324
2013-11-06 10:27:46,143.889087357811,-56.0518041578219
2013-11-06 17:45:53,143.800042530983,-56.5369227982601
2013-11-07 10:48:24,143.462436567972,-58.6178279721843
2013-11-07 17:29:04,143.282732016612,-58.8621521402914
2013-11-08 11:09:36,140.165821179283,-59.2206650163416
2013-11-08 17:36:52,139.98310510009,-59.1316969779161
2013-11-09 11:08:50,137.9938963957,-57.7363425387337
2013-11-09 18:00:05,137.442158447388,-57.4911456828019
2013-11-10 11:07:36,138.509272190203,-57.6655233243065
2013-11-10 17:48:40,138.164404243109,-57.9229780921233
2013-11-11 11:33:48,136.065430729102,-59.1190166061163
2013-11-11 17:44:07,135.647571075314,-59.3391510341336
2013-11-12 12:12:37,130.869226102123,-60.4292922588477
2013-11-12 17:53:42,130.668692415433,-60.2082492905894
2013-11-13 11:49:38,129.445713357038,-57.2906249883255
2013-11-13 18:26:55,128.71674937141,-57.1161774383849
2013-11-14 12:07:22,126.394591995541,-57.4850301346586
2013-11-14 18:30:39,125.804237769553,-57.610148384453
2013-11-15 12:37:23,122.573053828309,-58.6080476201633
2013-11-15 18:33:17,122.507463284663,-58.4921198970913
2013-11-16 12:26:51,119.609668219235,-55.7195642682205
2013-11-16 19:10:55,119.213896191363,-55.2737608803107
2013-11-17 12:08:41,119.734122081524,-52.9246189519627
2013-11-17 19:25:30,119.312328134631,-52.7078608097073
2013-11-18 12:10:12,118.771522331254,-51.9239652801306
2013-11-18 19:31:06,118.533540650736,-51.8448721329047
2013-11-19 12:09:23,118.894950646502,-51.6121773956577
2013-11-19 19:30:28,118.845075003168,-51.573465093214
2013-11-20 12:04:54,120.518823957497,-51.107811342703
2013-11-20 19:37:09,121.519230692109,-50.569410954151
2013-11-21 11:14:11,134.327005376645,-51.8555945154429
2013-11-21 18:11:01,137.167975500988,-51.6424710178688
2013-11-22 09:49:58,145.191674835536,-46.4224874642827
2013-11-22 18:11:45,145.130482585719,-45.7103176657336
2013-11-23 09:52:46,147.67,-43.133
2013-11-23 17:58:26,147.67,-43.133
2013-11-24 09:47:09,148.583246296553,-45.1791381640332
2013-11-24 17:56:57,148.312947174309,-45.3316502455967
2013-11-25 09:54:53,148.050431803513,-45.9854128622677
2013-11-25 17:56:12,147.749632554573,-45.9311870983959
2013-11-26 09:54:53,148.027338054984,-45.8457051176906
2013-11-26 17:56:49,147.586196591015,-45.694617657279
2013-11-27 09:56:44,146.774444900895,-45.1349589121388
2013-11-27 18:11:59,145.791570341383,-45.0050488397051
2013-11-28 09:58:40,147.530619078884,-45.4806511390224
2013-11-28 17:56:35,147.444017969826,-45.5339993812404
2013-11-29 09:59:06,147.457473149976,-45.4285423447177
2013-11-29 18:00:48,146.957733370243,-45.3907705312688
2013-11-30 09:59:56,148.129653674173,-45.7923209776215
2013-11-30 17:52:38,147.883555495824,-45.8087422304891
2013-12-01 09:59:58,148.058834489677,-45.6065974789639
2013-12-01 17:56:38,147.655430285475,-45.3803182383149
