2009-10-29 15:44:00,70.5587311,-49.2410965
2009-10-29 16:10:00,70.5842819,-49.2412491
2009-10-29 16:38:00,70.5938034,-49.2592659
2009-10-29 17:54:00,70.7066574,-49.2812271
2009-10-29 18:15:00,70.7337799,-49.2722931
2009-10-29 18:36:00,70.7614746,-49.2650871
2009-10-29 18:59:00,70.7863312,-49.2552567
2009-10-29 19:21:00,70.8024826,-49.237072
2009-10-29 19:43:00,70.8183441,-49.2197723
2009-10-29 20:17:00,70.8519669,-49.1972122
2009-10-29 21:02:00,70.889328,-49.1614532
2009-10-29 21:25:00,70.9056702,-49.1434708
2009-10-29 21:51:00,70.9279861,-49.1238174
2009-10-29 23:26:00,71.0117111,-49.0534706
2009-10-30 00:27:00,71.0469437,-49.0219345
2009-10-30 02:37:00,71.122757,-48.95438
2009-10-30 02:59:00,71.1383286,-48.9425201
2009-10-30 03:21:00,71.1532059,-48.9310799
2009-10-30 03:42:00,71.1674957,-48.9192886
2009-10-30 04:03:00,71.1805801,-48.9093552
2009-10-30 05:30:00,71.2382736,-48.8792572
2009-10-30 05:51:00,71.255188,-48.8726273
2009-10-30 06:14:00,71.2557373,-48.8582993
2009-10-30 06:34:00,71.2603912,-48.8484154
2009-10-30 06:54:00,71.272377,-48.8430367
2009-10-30 07:17:00,71.2816467,-48.8343124
2009-10-30 08:20:00,71.3141861,-48.8059959
2009-10-30 08:40:00,71.3272781,-48.7967796
2009-10-30 09:00:00,71.3407516,-48.7890015
2009-10-30 09:43:00,71.3676147,-48.7783165
2009-10-30 10:05:00,71.3864136,-48.7726479
2009-10-30 10:26:00,71.396347,-48.7643585
2009-10-30 11:08:00,71.4151535,-48.7458611
2009-10-30 11:30:00,71.4301147,-48.7393799
2009-10-30 12:09:00,71.4405975,-48.7245102
2009-10-30 12:30:00,71.4457092,-48.7145882
2009-10-30 12:50:00,71.4537735,-48.7064209
2009-10-30 13:27:00,71.4723434,-48.6924057
2009-10-30 13:48:00,71.4825974,-48.6913528
2009-10-30 14:08:00,71.4936142,-48.6894989
2009-10-30 14:42:00,71.5150986,-48.6819839
2009-10-30 15:16:00,71.5332031,-48.6738777
2009-10-30 16:27:00,71.5575409,-48.6677742
2009-10-30 17:03:00,71.5663681,-48.6459808
2009-10-30 18:48:00,71.6296997,-48.6094093
2009-10-30 20:21:00,71.6977921,-48.5878677
2009-10-30 20:56:00,71.7238541,-48.5768394
2009-10-30 21:16:00,71.7390671,-48.5698166
2009-10-30 21:51:00,71.7623291,-48.5567932
2009-10-30 22:30:00,71.7892609,-48.5405273
2009-10-31 01:38:00,71.8978729,-48.4667778
2009-10-31 02:42:00,71.9328766,-48.4376183
2009-10-31 03:05:00,71.9414978,-48.427063
2009-10-31 04:56:00,71.9990692,-48.3752975
2009-10-31 07:01:00,72.0747757,-48.3277588
2009-10-31 08:21:00,72.1250916,-48.2961578
2009-10-31 08:58:00,72.153923,-48.2830963
2009-10-31 09:19:00,72.1687851,-48.276638
2009-10-31 09:40:00,72.185379,-48.2709732
2009-10-31 10:39:00,72.2274551,-48.2534027
2009-10-31 11:42:00,72.2626495,-48.2314415
2009-10-31 12:03:00,72.2796783,-48.2237396
2009-10-31 12:24:00,72.2894821,-48.2152672
2009-10-31 12:45:00,72.3001938,-48.2093773
2009-10-31 14:18:00,72.3582993,-48.1918182
2009-10-31 14:53:00,72.3823166,-48.1851387
2009-10-31 15:46:00,72.4265518,-48.1725655
2009-10-31 18:03:00,72.537323,-48.1581802
2009-10-31 20:32:00,72.6667023,-48.1413612
2009-10-31 21:30:00,72.7122726,-48.1265602
2009-11-01 04:45:00,73.0461426,-48.0740509
2009-11-01 06:33:00,73.1545944,-48.0513115
2009-11-01 06:57:00,73.1744385,-48.0491714
2009-11-01 07:18:00,73.1907272,-48.0394783
2009-11-01 08:26:00,73.2479858,-48.0128136
2009-11-01 08:46:00,73.2698059,-48.0085869
2009-11-01 09:40:00,73.3219452,-48.0028572
2009-11-01 10:22:00,73.3647079,-48.0048294
2009-11-01 11:33:00,73.4259033,-47.9923553
2009-11-01 12:12:00,73.4566803,-47.9882088
2009-11-01 13:24:00,73.5309677,-47.9832573
2009-11-01 14:00:00,73.5704117,-47.9798927
2009-11-01 14:33:00,73.6082687,-47.9777641
2009-11-01 17:12:00,73.7884674,-47.9660416
2009-11-01 20:07:00,73.9648666,-47.967083
2009-11-01 20:40:00,73.9936295,-47.9739037
2009-11-01 21:16:00,74.0306015,-47.9783173
2009-11-02 04:11:00,74.4451447,-47.9481964
2009-11-02 04:49:00,74.4832153,-47.9497185
2009-11-02 05:33:00,74.5246429,-47.9516373
2009-11-02 05:55:00,74.5490646,-47.9525185
2009-11-02 06:16:00,74.571846,-47.954731
2009-11-02 06:36:00,74.595665,-47.957325
2009-11-02 07:58:00,74.6796875,-47.9627876
2009-11-02 08:20:00,74.7036819,-47.9611549
2009-11-02 08:43:00,74.7268524,-47.9606552
2009-11-02 09:06:00,74.7450867,-47.9631081
2009-11-02 09:28:00,74.7698059,-47.9674416
2009-11-02 10:03:00,74.8019867,-47.9649124
2009-11-02 10:40:00,74.8356552,-47.964016
2009-11-02 11:48:00,74.8911285,-47.9634895
2009-11-02 12:08:00,74.9088669,-47.9611359
2009-11-02 12:44:00,74.9431305,-47.9560928
2009-11-02 13:20:00,74.9727859,-47.9509163
2009-11-02 13:53:00,74.9942856,-47.9441986
2009-11-02 14:14:00,75.0092316,-47.9371681
2009-11-02 16:34:00,75.1224899,-47.9114227
2009-11-02 17:07:00,75.1493683,-47.9049225
2009-11-02 17:41:00,75.1775055,-47.8993607
2009-11-02 18:05:00,75.1981125,-47.8988113
2009-11-02 18:27:00,75.2147675,-47.8998489
2009-11-02 18:59:00,75.241272,-47.8945732
2009-11-02 20:20:00,75.3100281,-47.8926849
2009-11-02 21:18:00,75.3525162,-47.8800621
2009-11-02 21:38:00,75.3712921,-47.8816643
2009-11-02 22:19:00,75.3959885,-47.8939972
2009-11-03 01:51:00,75.5311127,-47.8725357
2009-11-03 02:55:00,75.5725098,-47.8697815
2009-11-03 05:05:00,75.6408463,-47.8619347
2009-11-03 06:18:00,75.6821289,-47.8548088
2009-11-03 06:59:00,75.7121048,-47.8523483
2009-11-03 08:02:00,75.7576523,-47.8393707
2009-11-03 09:02:00,75.7870865,-47.8412704
2009-11-03 09:54:00,75.809494,-47.8348389
2009-11-03 10:56:00,75.8427124,-47.8318787
2009-11-03 11:36:00,75.8627319,-47.82864
2009-11-03 11:56:00,75.8716278,-47.8303871
2009-11-03 12:30:00,75.8854675,-47.8306694
2009-11-03 13:06:00,75.8965912,-47.8340187
2009-11-03 13:26:00,75.8935089,-47.8376846
2009-11-03 14:19:00,75.9143677,-47.8410263
2009-11-03 19:12:00,76.0150757,-47.8677635
2009-11-03 19:40:00,76.0235901,-47.8788528
2009-11-03 21:32:00,76.0636826,-47.8788071
2009-11-03 22:36:00,76.1106262,-47.8732338
2009-11-04 06:00:00,76.4130173,-47.8160515
2009-11-04 06:40:00,76.4387436,-47.8133202
2009-11-04 07:01:00,76.4554901,-47.8126602
2009-11-04 07:38:00,76.4865341,-47.813839
2009-11-04 08:14:00,76.5082169,-47.8166504
2009-11-04 08:50:00,76.5402145,-47.8210945
2009-11-04 09:34:00,76.5704117,-47.8251495
2009-11-04 10:16:00,76.6022186,-47.8334923
2009-11-04 10:37:00,76.6149826,-47.8390236
2009-11-04 11:01:00,76.629158,-47.8472404
2009-11-04 11:22:00,76.6400452,-47.8516502
2009-11-04 11:43:00,76.6476746,-47.8606529
2009-11-04 12:20:00,76.6704102,-47.8685036
2009-11-04 12:54:00,76.6862793,-47.8787193
2009-11-04 13:37:00,76.7113724,-47.8879051
2009-11-04 16:32:00,76.7875137,-47.9370003
2009-11-04 16:53:00,76.792244,-47.9418106
2009-11-04 18:01:00,76.8219376,-47.9528236
2009-11-04 18:21:00,76.8303528,-47.9586945
2009-11-04 18:58:00,76.8469849,-47.9671097
2009-11-04 19:33:00,76.8634033,-47.9769821
2009-11-04 20:11:00,76.8798141,-47.9893379
2009-11-04 20:38:00,76.897316,-47.9980659
2009-11-04 20:59:00,76.8977051,-47.9980469
2009-11-05 02:55:00,77.085907,-48.0909843
2009-11-05 03:58:00,77.1246872,-48.106514
2009-11-05 05:20:00,77.1695251,-48.1306419
2009-11-05 06:17:00,77.2007294,-48.1482239
2009-11-05 06:38:00,77.2138443,-48.1507645
2009-11-05 06:58:00,77.2263947,-48.1543312
2009-11-05 07:33:00,77.2532959,-48.1572952
2009-11-05 07:55:00,77.2650681,-48.162735
2009-11-05 09:07:00,77.3057404,-48.1804848
2009-11-05 09:28:00,77.3194733,-48.1852493
2009-11-05 09:48:00,77.3304291,-48.1896133
2009-11-05 10:23:00,77.3507996,-48.1911049
2009-11-05 10:44:00,77.3610535,-48.1884117
2009-11-05 11:04:00,77.3735504,-48.1901054
2009-11-05 11:26:00,77.3899689,-48.1998825
2009-11-05 11:47:00,77.4047928,-48.2068024
2009-11-05 12:22:00,77.4264603,-48.216011
2009-11-05 12:58:00,77.4465485,-48.2210579
2009-11-05 13:52:00,77.4755707,-48.2363853
2009-11-05 14:27:00,77.4967499,-48.2436829
2009-11-05 14:48:00,77.5099716,-48.2402458
2009-11-05 15:22:00,77.5276413,-48.2456627
2009-11-05 16:29:00,77.5566177,-48.2546959
2009-11-05 16:49:00,77.5615158,-48.2608833
2009-11-05 17:20:00,77.5785522,-48.2684364
2009-11-05 17:55:00,77.594696,-48.2821503
2009-11-05 18:29:00,77.6153641,-48.2898979
2009-11-05 19:01:00,77.6404037,-48.2977371
2009-11-05 20:06:00,77.6827545,-48.3118782
2009-11-05 20:27:00,77.6956406,-48.3158569
2009-11-05 20:47:00,77.7037735,-48.319767
2009-11-05 21:07:00,77.7151489,-48.3258133
2009-11-05 22:31:00,77.7618179,-48.3504524
2009-11-05 23:49:00,77.8125534,-48.3685532
2009-11-06 01:14:00,77.8711319,-48.395504
2009-11-06 01:34:00,77.8863602,-48.4008255
2009-11-06 03:14:00,77.9632339,-48.4268303
2009-11-06 03:34:00,77.9817429,-48.4299583
2009-11-06 03:54:00,78.0013275,-48.4357262
2009-11-06 04:34:00,78.0350189,-48.4477081
2009-11-06 04:55:00,78.048584,-48.4531364
2009-11-06 05:15:00,78.0600586,-48.4575539
2009-11-06 05:37:00,78.0793381,-48.4602814
2009-11-06 05:59:00,78.09198,-48.4621277
2009-11-06 06:19:00,78.1053391,-48.4628334
2009-11-06 06:41:00,78.1219711,-48.4553795
2009-11-06 07:02:00,78.1348419,-48.4543762
2009-11-06 07:45:00,78.1718979,-48.4607964
2009-11-06 08:05:00,78.1793671,-48.4645157
2009-11-06 09:03:00,78.2149734,-48.4680481
2009-11-06 09:24:00,78.2305603,-48.4686813
2009-11-06 09:49:00,78.2470779,-48.4671402
2009-11-06 11:11:00,78.306015,-48.4674644
2009-11-06 11:31:00,78.3205872,-48.4659576
2009-11-06 11:52:00,78.3359146,-48.4666748
2009-11-06 12:28:00,78.365036,-48.4667091
2009-11-06 12:50:00,78.382637,-48.4687805
2009-11-06 13:11:00,78.4008865,-48.4762573
2009-11-06 13:32:00,78.4224854,-48.4828377
2009-11-06 13:52:00,78.4419785,-48.4894104
2009-11-06 14:27:00,78.4795074,-48.5010452
2009-11-06 14:48:00,78.4979553,-48.5077744
2009-11-06 15:08:00,78.520462,-48.5136948
2009-11-06 15:28:00,78.5371323,-48.5175247
2009-11-06 17:05:00,78.634346,-48.5473557
2009-11-06 17:40:00,78.6744156,-48.5562744
2009-11-06 18:01:00,78.6976929,-48.5620537
2009-11-06 18:37:00,78.7450409,-48.5743446
2009-11-06 18:58:00,78.7693024,-48.579525
2009-11-06 19:18:00,78.791626,-48.5848122
2009-11-06 19:38:00,78.8115005,-48.5888329
2009-11-06 20:12:00,78.8490524,-48.6010284
2009-11-06 20:33:00,78.8706284,-48.608593
2009-11-06 21:11:00,78.9177628,-48.6240578
2009-11-06 21:33:00,78.9381866,-48.6285667
2009-11-06 22:02:00,78.9609451,-48.6345177
2009-11-07 00:01:00,79.0886002,-48.6732864
2009-11-07 02:39:00,79.2348099,-48.719326
2009-11-07 03:02:00,79.2572021,-48.7252312
2009-11-07 03:24:00,79.2785492,-48.7307854
2009-11-07 04:07:00,79.3198471,-48.7420616
2009-11-07 05:15:00,79.3839722,-48.7662086
2009-11-07 05:36:00,79.4059906,-48.7718124
2009-11-07 06:17:00,79.438942,-48.7881088
2009-11-07 07:00:00,79.4853897,-48.7967796
2009-11-07 07:20:00,79.511879,-48.8000793
2009-11-07 08:02:00,79.556015,-48.8075867
2009-11-07 08:24:00,79.5758362,-48.8114738
2009-11-07 10:16:00,79.6784363,-48.8444672
2009-11-07 10:37:00,79.6966248,-48.8490753
2009-11-07 11:16:00,79.7307663,-48.8570061
2009-11-07 11:36:00,79.7462234,-48.8599739
2009-11-07 11:58:00,79.761261,-48.8654213
2009-11-07 12:18:00,79.776741,-48.871727
2009-11-07 13:43:00,79.8323364,-48.8980751
2009-11-07 14:25:00,79.8644867,-48.8982773
2009-11-07 14:46:00,79.8821259,-48.9037971
2009-11-07 16:39:00,79.972168,-48.9274864
2009-11-07 17:01:00,79.9852676,-48.9246178
2009-11-07 17:53:00,80.0051956,-48.9391785
2009-11-07 20:16:00,80.0962372,-48.9807167
2009-11-07 21:24:00,80.1096573,-48.9958038
2009-11-07 23:36:00,80.1679764,-49.0170593
2009-11-08 03:16:00,80.3178482,-49.0502663
2009-11-08 03:39:00,80.3303528,-49.0550995
2009-11-08 04:02:00,80.3431854,-49.06073
2009-11-08 04:25:00,80.3583832,-49.064537
2009-11-08 05:30:00,80.4074936,-49.0729752
2009-11-08 06:14:00,80.4391479,-49.0778046
2009-11-08 07:02:00,80.467804,-49.0854568
2009-11-08 09:32:00,80.576561,-49.1052284
2009-11-08 10:12:00,80.6002884,-49.1074448
2009-11-08 11:16:00,80.6527634,-49.1194496
2009-11-08 11:54:00,80.6792755,-49.1211891
2009-11-08 12:17:00,80.6963348,-49.1244354
2009-11-08 12:57:00,80.7206421,-49.1305466
2009-11-08 13:54:00,80.7590637,-49.1418381
2009-11-08 15:13:00,80.8177719,-49.1585464
2009-11-08 18:31:00,80.9703598,-49.2033386
2009-11-08 19:53:00,81.0382462,-49.2143097
2009-11-08 20:31:00,81.0743561,-49.2196732
2009-11-08 21:12:00,81.109726,-49.2254944
2009-11-09 02:55:00,81.4359894,-49.2868919
2009-11-09 08:28:00,81.7801895,-49.3228912
2009-11-09 09:07:00,81.8219986,-49.3238716
2009-11-09 10:33:00,81.8740311,-49.323719
2009-11-09 11:07:00,81.8999405,-49.3240051
2009-11-09 12:54:00,81.9637833,-49.3402786
2009-11-09 15:51:00,82.1126099,-49.3633728
2009-11-09 17:47:00,82.2104874,-49.3651848
2009-11-09 18:46:00,82.2505569,-49.3632927
2009-11-09 20:16:00,82.3053894,-49.3556252
2009-11-09 21:15:00,82.3422089,-49.3465958
2009-11-10 02:03:00,82.5110855,-49.3505096
2009-11-10 02:45:00,82.5400772,-49.3535042
2009-11-10 05:06:00,82.5923615,-49.3571053
2009-11-10 05:30:00,82.6044617,-49.3605766
2009-11-10 06:20:00,82.634407,-49.3657761
2009-11-10 06:40:00,82.6446609,-49.3675919
2009-11-10 07:29:00,82.6733246,-49.3751793
2009-11-10 08:16:00,82.6998978,-49.3867989
2009-11-10 08:39:00,82.7125092,-49.3929367
2009-11-10 09:04:00,82.7293015,-49.3918915
2009-11-10 09:48:00,82.7540512,-49.3973007
2009-11-10 11:09:00,82.7948685,-49.409668
2009-11-10 11:32:00,82.807724,-49.4128342
2009-11-10 13:47:00,82.861351,-49.4130287
2009-11-10 14:09:00,82.8679733,-49.4121208
2009-11-10 14:45:00,82.8795166,-49.4118156
2009-11-10 16:15:00,82.90625,-49.404026
2009-11-10 17:11:00,82.9063339,-49.4166679
2009-11-10 17:49:00,82.9094391,-49.430233
2009-11-10 18:43:00,82.9295502,-49.4349403
2009-11-10 19:44:00,82.9531784,-49.447834
2009-11-10 21:21:00,82.9914474,-49.4682083
2009-11-10 21:42:00,82.9930878,-49.471283
2009-11-11 02:16:00,83.0598297,-49.5061493
2009-11-11 06:28:00,83.0990753,-49.5348816
2009-11-11 07:15:00,83.1119232,-49.5470695
2009-11-11 07:38:00,83.1187057,-49.5479088
2009-11-11 08:02:00,83.1265488,-49.5513268
2009-11-11 08:23:00,83.1345291,-49.5556183
2009-11-11 11:01:00,83.1965256,-49.5723801
2009-11-11 11:22:00,83.2045288,-49.5774994
2009-11-11 11:46:00,83.2118073,-49.5823669
2009-11-11 13:45:00,83.2573547,-49.6094933
2009-11-11 17:51:00,83.3684235,-49.6703262
2009-11-11 18:55:00,83.3974686,-49.6778183
2009-11-11 19:38:00,83.4211655,-49.681221
2009-11-11 21:28:00,83.4797974,-49.7146263
2009-11-12 03:26:00,83.6846848,-49.7853012
2009-11-12 04:14:00,83.7199402,-49.7840919
2009-11-12 04:36:00,83.7288513,-49.7793541
2009-11-12 05:14:00,83.7427063,-49.776638
2009-11-12 05:34:00,83.7479553,-49.7783852
2009-11-12 05:55:00,83.7409744,-49.7792473
2009-11-12 06:34:00,83.7414627,-49.7806053
2009-11-12 07:14:00,83.7488174,-49.7839737
2009-11-12 07:35:00,83.7627335,-49.7817345
2009-11-12 07:55:00,83.7674637,-49.7811661
2009-11-12 08:15:00,83.7730331,-49.7798958
2009-11-12 09:50:00,83.8028183,-49.7717094
2009-11-12 10:10:00,83.8115921,-49.7722206
2009-11-12 10:52:00,83.8336792,-49.7726364
2009-11-12 11:13:00,83.8389359,-49.7762337
2009-11-12 11:34:00,83.8355026,-49.7810249
2009-11-12 11:55:00,83.8430405,-49.785923
2009-11-12 12:17:00,83.8563385,-49.788662
2009-11-12 13:38:00,83.9005051,-49.8019829
2009-11-12 13:58:00,83.9124756,-49.8041992
2009-11-12 17:01:00,83.9947052,-49.8187561
2009-11-12 17:44:00,84.0217896,-49.8221779
2009-11-12 18:12:00,84.0385666,-49.8317871
2009-11-12 18:33:00,84.0512619,-49.8322372
2009-11-12 18:55:00,84.0647659,-49.834568
2009-11-12 19:37:00,84.0862656,-49.8384018
2009-11-12 19:58:00,84.098175,-49.8392181
2009-11-12 20:19:00,84.1115799,-49.8417053
2009-11-12 20:41:00,84.1250534,-49.843811
2009-11-12 21:02:00,84.142807,-49.8439178
2009-11-13 06:21:00,84.4917603,-49.92099
2009-11-13 08:40:00,84.5415115,-49.9309998
2009-11-13 09:41:00,84.5845108,-49.9441948
2009-11-13 11:31:00,84.6442947,-49.9570122
2009-11-13 12:29:00,84.6883545,-49.9578133
2009-11-13 13:13:00,84.7195282,-49.9660988
2009-11-13 13:34:00,84.7318115,-49.9692764
2009-11-13 13:55:00,84.7422485,-49.9701805
2009-11-13 15:33:00,84.8047791,-49.9708786
2009-11-13 16:49:00,84.8475037,-49.96735
2009-11-13 18:01:00,84.8871765,-49.9668121
2009-11-13 18:33:00,84.8781281,-49.9648552
2009-11-13 19:05:00,84.8909454,-49.9553757
2009-11-13 19:36:00,84.8962631,-49.9541817
2009-11-13 20:09:00,84.8948212,-49.9483566
2009-11-14 01:13:00,85.0299072,-49.9500771
2009-11-14 02:24:00,85.064827,-49.9351578
2009-11-14 02:48:00,85.0806046,-49.9347801
2009-11-14 03:59:00,85.1359863,-49.9272537
2009-11-14 04:20:00,85.1498871,-49.926487
2009-11-14 05:06:00,85.1840515,-49.919857
2009-11-14 05:29:00,85.2012711,-49.9200974
2009-11-14 06:12:00,85.2340851,-49.912262
2009-11-14 06:34:00,85.2551575,-49.9088821
2009-11-14 07:00:00,85.2664261,-49.9089699
2009-11-14 07:49:00,85.3069,-49.9011803
2009-11-14 08:11:00,85.3216782,-49.8977776
2009-11-14 08:33:00,85.3310471,-49.8970146
2009-11-14 11:16:00,85.4304428,-49.8855209
2009-11-14 11:39:00,85.4478531,-49.8828201
2009-11-14 12:07:00,85.4709244,-49.8811989
2009-11-14 12:30:00,85.4859161,-49.8755264
2009-11-14 12:53:00,85.5012665,-49.8706017
2009-11-14 13:16:00,85.5190735,-49.8714752
2009-11-14 13:40:00,85.5357742,-49.8685913
2009-11-14 14:01:00,85.5513535,-49.8676414
2009-11-14 15:03:00,85.5998917,-49.8609886
2009-11-14 15:24:00,85.6186523,-49.8555832
2009-11-14 16:26:00,85.664032,-49.8520012
2009-11-14 16:47:00,85.6805267,-49.8442879
2009-11-14 17:27:00,85.7117386,-49.8447456
2009-11-14 17:51:00,85.7337799,-49.8437157
2009-11-14 18:34:00,85.766449,-49.8405914
2009-11-14 19:54:00,85.8390656,-49.8456535
2009-11-15 05:19:00,86.316658,-49.9689713
2009-11-15 06:10:00,86.3640289,-49.985939
2009-11-15 06:56:00,86.3982697,-50.0058823
2009-11-15 09:01:00,86.4930115,-50.057663
2009-11-15 10:01:00,86.5427704,-50.0912132
2009-11-15 10:21:00,86.558815,-50.1037979
2009-11-15 13:02:00,86.6577148,-50.1704865
2009-11-15 16:49:00,86.8192215,-50.2633934
2009-11-15 17:57:00,86.8516693,-50.310173
2009-11-15 18:33:00,86.8645477,-50.3362579
2009-11-15 19:09:00,86.8770981,-50.3566208
2009-11-15 19:47:00,86.890213,-50.3791771
2009-11-15 21:01:00,86.9117966,-50.4243774
2009-11-15 23:51:00,86.9971924,-50.4917908
2009-11-16 04:23:00,87.1998138,-50.5779572
2009-11-16 06:41:00,87.3230362,-50.6147804
2009-11-16 08:21:00,87.4112473,-50.6357956
2009-11-16 08:48:00,87.4397202,-50.6376762
2009-11-16 09:58:00,87.5187607,-50.643959
2009-11-16 13:53:00,87.7597809,-50.666008
2009-11-16 14:52:00,87.8138046,-50.6712761
2009-11-16 16:25:00,87.8972321,-50.6795235
2009-11-16 20:14:00,88.0372772,-50.6812515
2009-11-17 04:56:00,88.5116119,-50.9570885
2009-11-17 05:20:00,88.5286331,-50.9746666
2009-11-17 09:40:00,88.6679611,-51.1295853
2009-11-17 10:02:00,88.6841125,-51.143959
2009-11-17 10:22:00,88.6963577,-51.154335
2009-11-17 10:44:00,88.7066727,-51.1669846
2009-11-17 11:29:00,88.7357254,-51.1877747
2009-11-17 12:14:00,88.7588654,-51.2085953
2009-11-17 12:36:00,88.7686234,-51.2182236
2009-11-17 13:21:00,88.7902451,-51.2394066
2009-11-17 13:48:00,88.8091736,-51.2553024
2009-11-17 14:09:00,88.8221512,-51.2633629
2009-11-17 15:28:00,88.881691,-51.3020744
2009-11-17 16:43:00,88.9467087,-51.3327217
2009-11-17 17:37:00,88.9680939,-51.3448792
2009-11-17 18:10:00,89.0002365,-51.3582382
2009-11-17 18:39:00,89.0174255,-51.3596153
2009-11-17 19:10:00,89.0430374,-51.3618431
2009-11-17 21:16:00,89.0886154,-51.3838997
2009-11-17 22:33:00,89.1361389,-51.4158859
2009-11-18 02:20:00,89.3632431,-51.4778099
2009-11-18 02:47:00,89.3838501,-51.4818459
2009-11-18 03:14:00,89.3998032,-51.4895782
2009-11-18 03:38:00,89.4203262,-51.4977951
2009-11-18 04:22:00,89.4564896,-51.5102882
2009-11-18 04:47:00,89.472374,-51.5158691
2009-11-18 05:10:00,89.4863663,-51.5212708
2009-11-18 05:32:00,89.5019302,-51.5265808
2009-11-18 06:18:00,89.5270081,-51.5357857
2009-11-18 06:42:00,89.5304642,-51.5380898
2009-11-18 07:27:00,89.5248337,-51.543045
2009-11-18 07:49:00,89.5677109,-51.557457
2009-11-18 08:11:00,89.5822678,-51.5660629
2009-11-18 09:39:00,89.6441956,-51.5869446
2009-11-18 10:00:00,89.65168,-51.5861893
2009-11-18 10:39:00,89.6775284,-51.5855598
2009-11-18 11:00:00,89.6836548,-51.585041
2009-11-18 11:20:00,89.6981354,-51.5876884
2009-11-18 11:58:00,89.7295532,-51.5885773
2009-11-18 12:19:00,89.748764,-51.5934753
2009-11-18 13:17:00,89.7972717,-51.6007423
2009-11-18 14:19:00,89.8562851,-51.6185112
2009-11-18 15:21:00,89.8867188,-51.6270828
2009-11-18 15:48:00,89.8898926,-51.6297073
2009-11-18 16:20:00,89.9155731,-51.6335754
2009-11-18 16:50:00,89.9276352,-51.6330452
2009-11-18 17:21:00,89.9424515,-51.6412392
2009-11-18 17:53:00,89.948616,-51.6433334
2009-11-18 18:25:00,89.983139,-51.649498
2009-11-18 19:22:00,90.0377426,-51.6513138
2009-11-18 20:11:00,90.05793,-51.6603279
2009-11-18 20:36:00,90.0705719,-51.6665611
2009-11-18 21:45:00,90.1349869,-51.6877937
2009-11-18 22:25:00,90.1638336,-51.7011833
2009-11-18 22:47:00,90.1790466,-51.7084274
2009-11-19 01:51:00,90.3109665,-51.7768173
2009-11-19 02:15:00,90.3297501,-51.7827148
2009-11-19 02:38:00,90.344101,-51.7913284
2009-11-19 03:02:00,90.3631439,-51.8000526
2009-11-19 03:25:00,90.3811417,-51.8073997
2009-11-19 04:33:00,90.4405212,-51.8364525
2009-11-19 05:19:00,90.4764175,-51.856411
2009-11-19 05:42:00,90.4835892,-51.8620033
2009-11-19 06:05:00,90.4908829,-51.8682022
2009-11-19 06:29:00,90.4980316,-51.8722878
2009-11-19 07:29:00,90.5149155,-51.8877029
2009-11-19 07:50:00,90.530159,-51.8979454
2009-11-19 08:13:00,90.5487061,-51.9110336
2009-11-19 09:15:00,90.5808334,-51.9432449
2009-11-19 09:37:00,90.5948715,-51.9588509
2009-11-19 10:22:00,90.623909,-51.9884033
2009-11-19 10:45:00,90.6397781,-52.0053177
2009-11-19 11:06:00,90.6534119,-52.0152626
2009-11-19 11:28:00,90.6654663,-52.0274658
2009-11-19 11:50:00,90.6758575,-52.0376244
2009-11-19 12:11:00,90.688179,-52.0474548
2009-11-19 13:18:00,90.7264786,-52.0805969
2009-11-19 13:43:00,90.7413788,-52.0937843
2009-11-19 14:03:00,90.7526932,-52.1069794
2009-11-19 14:38:00,90.7660141,-52.1146431
2009-11-19 15:16:00,90.7892456,-52.1354256
2009-11-19 15:51:00,90.805954,-52.151329
2009-11-19 16:12:00,90.8171082,-52.15979
2009-11-19 17:08:00,90.8546906,-52.1825676
2009-11-19 18:09:00,90.8836746,-52.1935272
2009-11-19 18:31:00,90.8959427,-52.1939964
2009-11-19 18:51:00,90.9058914,-52.198185
2009-11-19 19:48:00,90.9370041,-52.2157516
2009-11-19 20:29:00,90.9661407,-52.2226982
2009-11-19 20:49:00,90.9796753,-52.2266922
2009-11-19 21:11:00,90.9930801,-52.2308922
2009-11-19 21:53:00,91.0104218,-52.22295
2009-11-19 22:27:00,91.026413,-52.2398415
2009-11-20 00:20:00,91.1079102,-52.2610054
2009-11-20 01:40:00,91.1469345,-52.2774506
2009-11-20 02:31:00,91.1596451,-52.2900467
2009-11-20 02:58:00,91.1776352,-52.2976303
2009-11-20 03:23:00,91.1986923,-52.3024712
2009-11-20 03:46:00,91.2168121,-52.3062439
2009-11-20 04:10:00,91.2373734,-52.3107834
2009-11-20 04:59:00,91.276741,-52.324688
2009-11-20 06:40:00,91.3358917,-52.3505821
2009-11-20 07:08:00,91.3733673,-52.3570976
2009-11-20 07:33:00,91.3877029,-52.3581581
2009-11-20 07:58:00,91.4114609,-52.3634148
2009-11-20 08:23:00,91.4339676,-52.3689079
2009-11-20 08:48:00,91.4530716,-52.3717995
2009-11-20 09:11:00,91.4747772,-52.3736877
2009-11-20 09:36:00,91.4903259,-52.3757286
2009-11-20 10:00:00,91.5071793,-52.3780861
2009-11-20 10:24:00,91.5272598,-52.3783417
2009-11-20 10:47:00,91.5465469,-52.3791084
2009-11-20 11:11:00,91.5657654,-52.3791618
2009-11-20 11:57:00,91.5959396,-52.3822441
2009-11-20 13:02:00,91.650032,-52.3853569
2009-11-20 13:24:00,91.6689835,-52.3874702
2009-11-20 13:45:00,91.6878204,-52.388607
2009-11-20 14:07:00,91.7015152,-52.3852425
2009-11-20 14:28:00,91.7205505,-52.3881645
2009-11-20 14:53:00,91.7465591,-52.3910446
2009-11-20 15:32:00,91.7856598,-52.3942719
2009-11-20 15:53:00,91.809433,-52.3960953
2009-11-20 18:27:00,92.0079575,-52.3911171
2009-11-20 20:16:00,92.1509705,-52.4145088
2009-11-20 22:07:00,92.2747116,-52.4274483
2009-11-20 22:52:00,92.3177567,-52.4323006
2009-11-21 02:04:00,92.4470444,-52.4445496
2009-11-21 02:25:00,92.4648209,-52.4494324
2009-11-21 04:24:00,92.5786819,-52.478611
2009-11-21 07:36:00,92.7745209,-52.5433922
2009-11-21 08:26:00,92.8218079,-52.5588379
2009-11-21 10:38:00,92.9423294,-52.608799
2009-11-21 11:22:00,92.9839401,-52.6230545
2009-11-21 12:50:00,93.0697784,-52.6566124
2009-11-21 13:28:00,93.118576,-52.6708527
2009-11-21 16:14:00,93.2413712,-52.7238235
2009-11-21 17:52:00,93.3364487,-52.7660217
2009-11-21 18:54:00,93.3961716,-52.7904739
2009-11-21 20:57:00,93.5005798,-52.8212128
2009-11-21 21:31:00,93.5385056,-52.8249207
2009-11-22 01:03:00,93.7364655,-52.8937149
2009-11-22 01:24:00,93.7467422,-52.8940048
2009-11-22 02:26:00,93.8051529,-52.9077568
2009-11-22 03:05:00,93.8359222,-52.9201126
2009-11-22 04:12:00,93.8807144,-52.946106
2009-11-22 04:37:00,93.8977585,-52.9535751
2009-11-22 05:21:00,93.9176559,-52.9721451
2009-11-22 06:50:00,93.9636688,-52.9923172
2009-11-22 08:09:00,93.9994659,-53.0138283
2009-11-22 08:56:00,94.0420151,-53.0301971
2009-11-22 09:17:00,94.054451,-53.0420799
2009-11-22 10:45:00,94.0793839,-53.0792122
2009-11-22 11:08:00,94.0884552,-53.0921707
2009-11-22 12:50:00,94.133728,-53.1315765
2009-11-22 13:26:00,94.1532059,-53.1478233
2009-11-22 13:58:00,94.1662598,-53.1567497
2009-11-22 14:30:00,94.1725082,-53.1632385
2009-11-22 15:04:00,94.177124,-53.1749992
2009-11-22 17:01:00,94.1744614,-53.2074547
2009-11-22 18:14:00,94.1992188,-53.2183342
2009-11-22 18:42:00,94.1939545,-53.2178078
2009-11-22 19:10:00,94.207634,-53.231617
2009-11-22 21:03:00,94.1989899,-53.2600365
2009-11-22 21:23:00,94.1972351,-53.2695999
2009-11-23 00:01:00,94.1549454,-53.290081
2009-11-23 01:00:00,94.1796494,-53.2977867
2009-11-23 01:22:00,94.1816788,-53.3003616
2009-11-23 02:27:00,94.1844025,-53.3220558
2009-11-23 03:35:00,94.1603394,-53.3147316
2009-11-23 03:58:00,94.1487427,-53.3135605
2009-11-23 04:45:00,94.1401978,-53.319725
2009-11-23 05:07:00,94.147789,-53.3170433
2009-11-23 05:50:00,94.1409988,-53.3097916
2009-11-23 06:36:00,94.1234512,-53.3059692
2009-11-23 07:19:00,94.1093674,-53.3029175
2009-11-23 08:00:00,94.1107101,-53.2983322
2009-11-23 08:22:00,94.1186066,-53.3009453
2009-11-23 09:32:00,94.152626,-53.3160133
2009-11-23 09:54:00,94.1619186,-53.3205986
2009-11-23 10:17:00,94.1722565,-53.3255424
2009-11-23 10:38:00,94.1806793,-53.3308144
2009-11-23 10:59:00,94.1844101,-53.3345871
2009-11-23 12:26:00,94.2168503,-53.3517265
2009-11-23 17:00:00,94.3269806,-53.4138641
2009-11-23 18:21:00,94.3540192,-53.4121208
2009-11-23 19:27:00,94.3765869,-53.399662
2009-11-23 21:35:00,94.4041138,-53.4210968
2009-11-23 21:55:00,94.4111404,-53.4241943
2009-11-23 23:25:00,94.4559326,-53.4487419
2009-11-24 00:37:00,94.4855194,-53.4740982
2009-11-24 01:06:00,94.5037079,-53.4838562
2009-11-24 01:28:00,94.5157242,-53.4912834
2009-11-24 03:29:00,94.5879059,-53.5101395
2009-11-24 03:52:00,94.6018372,-53.517086
2009-11-24 04:13:00,94.6154709,-53.5198059
2009-11-24 04:34:00,94.6293488,-53.5240669
2009-11-24 05:22:00,94.6506042,-53.5355148
2009-11-24 06:10:00,94.6691132,-53.5498505
2009-11-24 06:34:00,94.6772308,-53.5550232
2009-11-24 06:57:00,94.6896515,-53.5592003
2009-11-24 07:20:00,94.7016678,-53.5636063
2009-11-24 07:44:00,94.7138138,-53.5694809
2009-11-24 08:07:00,94.7291565,-53.5738564
2009-11-24 09:50:00,94.785965,-53.605526
2009-11-24 10:15:00,94.8038101,-53.6042404
2009-11-24 10:40:00,94.8226929,-53.6052818
2009-11-24 11:05:00,94.8352203,-53.6098099
2009-11-24 11:49:00,94.8605347,-53.6201401
2009-11-24 12:10:00,94.8790131,-53.6249886
2009-11-24 12:31:00,94.8924026,-53.628212
2009-11-24 12:53:00,94.9086304,-53.6346283
2009-11-24 13:15:00,94.9247665,-53.6357841
2009-11-24 14:17:00,94.9810028,-53.6432953
2009-11-24 17:58:00,95.1529694,-53.6963577
2009-11-24 18:49:00,95.2138138,-53.7083054
2009-11-24 22:27:00,95.3639374,-53.7494583
2009-11-25 05:18:00,95.5686493,-53.8381805
2009-11-25 06:28:00,95.5958786,-53.8589134
2009-11-25 06:51:00,95.6109848,-53.8651276
2009-11-25 09:39:00,95.7162476,-53.9163399
2009-11-25 10:01:00,95.7306137,-53.9236984
2009-11-25 10:24:00,95.7449646,-53.9267769
2009-11-25 10:47:00,95.7665176,-53.932312
2009-11-25 11:11:00,95.7828522,-53.9365959
2009-11-25 11:36:00,95.7958984,-53.9321251
2009-11-25 12:04:00,95.8131332,-53.9234886
2009-11-25 12:34:00,95.8365479,-53.9234314
2009-11-25 13:19:00,95.8590469,-53.9315758
2009-11-25 13:41:00,95.8575668,-53.9314117
2009-11-25 16:40:00,95.9123535,-53.9217682
2009-11-25 17:57:00,95.9631348,-53.9229088
2009-11-25 18:26:00,95.9747772,-53.9179802
2009-11-25 18:58:00,96.0008163,-53.9173622
2009-11-25 19:28:00,96.0162735,-53.9128647
2009-11-25 19:59:00,96.0162659,-53.9180031
2009-11-25 20:37:00,96.0387955,-53.9238205
2009-11-25 23:14:00,96.131012,-53.9319649
2009-11-26 02:08:00,96.2234421,-53.9412155
2009-11-26 02:34:00,96.2387619,-53.9420166
2009-11-26 10:05:00,96.4720154,-53.8892097
2009-11-26 10:29:00,96.4867935,-53.8856316
2009-11-26 10:53:00,96.4968262,-53.8797455
2009-11-26 11:42:00,96.5179825,-53.8715553
2009-11-26 12:04:00,96.5316849,-53.8680954
2009-11-26 12:25:00,96.5431976,-53.862484
2009-11-26 13:21:00,96.5788803,-53.863308
2009-11-26 15:18:00,96.6382294,-53.8505211
2009-11-26 16:10:00,96.6702423,-53.8465385
2009-11-26 16:38:00,96.6912689,-53.8381386
2009-11-26 17:03:00,96.7163544,-53.8296318
2009-11-26 17:35:00,96.7465973,-53.822094
2009-11-26 18:05:00,96.7787704,-53.8153038
2009-11-26 20:09:00,96.8908081,-53.7859306
2009-11-26 22:01:00,96.9548111,-53.764637
2009-11-26 22:21:00,96.9739075,-53.7659721
2009-11-26 22:45:00,96.9955063,-53.7614708
2009-11-27 00:54:00,97.0498962,-53.7362289
2009-11-27 01:18:00,97.0625992,-53.7339058
2009-11-27 02:59:00,97.0932312,-53.725296
2009-11-27 04:02:00,97.0997314,-53.7262497
2009-11-27 05:23:00,97.1133423,-53.7229652
2009-11-27 05:47:00,97.1292038,-53.7203979
2009-11-27 06:36:00,97.1570358,-53.7165642
2009-11-27 07:55:00,97.177948,-53.7074699
2009-11-27 08:54:00,97.197937,-53.7136383
2009-11-27 09:36:00,97.2012558,-53.720974
2009-11-27 10:45:00,97.2329102,-53.7102432
2009-11-27 11:08:00,97.255722,-53.7072792
2009-11-27 11:29:00,97.2739258,-53.704258
2009-11-27 12:10:00,97.3069077,-53.7059288
2009-11-27 12:31:00,97.3278351,-53.7074699
2009-11-27 13:09:00,97.3622818,-53.704258
2009-11-27 14:52:00,97.4132996,-53.6849556
2009-11-27 15:22:00,97.4200058,-53.684536
2009-11-27 15:54:00,97.4310303,-53.6788712
2009-11-27 16:46:00,97.4403229,-53.6761093
2009-11-27 18:07:00,97.4384689,-53.6694679
2009-11-27 18:36:00,97.4613037,-53.6642685
2009-11-27 20:49:00,97.5322647,-53.6794167
2009-11-27 22:53:00,97.58004,-53.6750145
2009-11-28 03:22:00,97.6505356,-53.634407
2009-11-28 04:11:00,97.6813202,-53.6225624
2009-11-28 05:23:00,97.7238541,-53.6064606
2009-11-28 06:13:00,97.7398529,-53.5970039
2009-11-28 09:24:00,97.8259506,-53.5803375
2009-11-28 09:47:00,97.838707,-53.5804596
2009-11-28 10:31:00,97.8622437,-53.5759544
2009-11-28 10:52:00,97.8732529,-53.5717888
2009-11-28 11:14:00,97.8824463,-53.5670815
2009-11-28 11:35:00,97.8927231,-53.5629807
2009-11-28 11:56:00,97.9020386,-53.558651
2009-11-28 13:02:00,97.9177094,-53.5386505
2009-11-28 16:16:00,98.0156479,-53.4730949
2009-11-28 17:19:00,98.0323792,-53.4504585
2009-11-28 17:49:00,98.0473709,-53.4384346
2009-11-28 18:21:00,98.0699997,-53.4322929
2009-11-28 19:26:00,98.1042099,-53.410099
2009-11-28 21:24:00,98.1471252,-53.3699493
2009-11-29 04:11:00,98.359787,-53.278019
2009-11-29 04:35:00,98.3744278,-53.2750702
2009-11-29 05:22:00,98.3984222,-53.2661781
2009-11-29 05:43:00,98.416893,-53.262104
2009-11-29 06:06:00,98.4304886,-53.2561417
2009-11-29 07:21:00,98.501297,-53.2530289
2009-11-29 07:45:00,98.5218964,-53.2500153
2009-11-29 08:47:00,98.5674591,-53.2495842
2009-11-29 09:50:00,98.6169052,-53.2453957
2009-11-29 10:34:00,98.6545639,-53.2414093
2009-11-29 12:55:00,98.7553635,-53.2447815
2009-11-29 13:30:00,98.7892151,-53.2433662
2009-11-29 14:02:00,98.8187561,-53.2401237
2009-11-29 14:33:00,98.8305054,-53.2448883
2009-11-29 15:00:00,98.8426285,-53.2466621
2009-11-29 15:29:00,98.8661041,-53.2457047
2009-11-29 15:59:00,98.8732147,-53.2515793
2009-11-29 16:28:00,98.8850021,-53.2547493
2009-11-29 16:56:00,98.90625,-53.2582588
2009-11-29 17:56:00,98.9436111,-53.2619324
2009-11-29 18:49:00,98.983696,-53.2562485
2009-11-29 19:17:00,99.0167542,-53.2590027
2009-11-29 19:51:00,99.0437851,-53.2622375
2009-11-29 21:03:00,99.1084518,-53.2522583
2009-11-29 21:40:00,99.1484985,-53.2480698
2009-11-30 00:52:00,99.330658,-53.2562943
2009-11-30 01:12:00,99.3443146,-53.2603302
2009-11-30 01:32:00,99.3588257,-53.2634888
2009-11-30 01:52:00,99.3690948,-53.2699089
2009-11-30 02:12:00,99.369873,-53.2734375
2009-11-30 02:35:00,99.3718262,-53.2774849
2009-11-30 03:15:00,99.3813477,-53.2820663
2009-11-30 03:35:00,99.384201,-53.2792931
2009-11-30 03:56:00,99.3871307,-53.2724457
2009-11-30 04:17:00,99.3997269,-53.267086
2009-11-30 05:27:00,99.4187698,-53.2642441
2009-11-30 05:49:00,99.4259415,-53.2620583
2009-11-30 06:14:00,99.4398499,-53.2616997
2009-11-30 07:06:00,99.4636459,-53.2569809
2009-11-30 07:36:00,99.4773636,-53.2539253
2009-11-30 08:20:00,99.4991684,-53.2407799
2009-11-30 08:44:00,99.5149307,-53.23452
2009-11-30 09:30:00,99.5362244,-53.2272224
2009-11-30 09:52:00,99.5416336,-53.2224426
2009-11-30 10:14:00,99.5547562,-53.2166672
2009-11-30 10:36:00,99.571991,-53.2144432
2009-11-30 10:58:00,99.5803604,-53.2164803
2009-11-30 11:20:00,99.5821762,-53.2145958
2009-11-30 11:41:00,99.5914993,-53.2085152
2009-11-30 12:02:00,99.6053619,-53.2042503
2009-11-30 12:22:00,99.6221008,-53.1990623
2009-11-30 12:43:00,99.6397552,-53.1915894
2009-11-30 13:23:00,99.6651611,-53.173069
2009-11-30 14:06:00,99.6843185,-53.1500854
2009-11-30 14:38:00,99.6998672,-53.1359444
2009-11-30 15:11:00,99.7114029,-53.1190376
2009-11-30 15:46:00,99.7246017,-53.1061783
2009-11-30 16:20:00,99.7313995,-53.0953522
2009-11-30 17:15:00,99.7490387,-53.0729294
2009-11-30 18:06:00,99.7721024,-53.0504379
2009-11-30 18:42:00,99.7870789,-53.0326996
2009-11-30 19:20:00,99.794693,-53.0138702
2009-11-30 20:18:00,99.8118515,-53.0043945
2009-11-30 22:21:00,99.8258133,-52.9701767
2009-12-01 02:12:00,99.9157028,-52.9550209
2009-12-01 03:19:00,99.910675,-52.9395561
2009-12-01 03:47:00,99.8984451,-52.9388008
2009-12-01 04:10:00,99.8982544,-52.9430275
2009-12-01 05:22:00,99.8809357,-52.9281425
2009-12-01 06:09:00,99.8782349,-52.9124794
2009-12-01 06:58:00,99.890831,-52.8931236
2009-12-01 07:22:00,99.89505,-52.884182
2009-12-01 08:11:00,99.9073181,-52.8668442
2009-12-01 08:36:00,99.9128799,-52.8567429
2009-12-01 09:01:00,99.9169617,-52.8461227
2009-12-01 09:48:00,99.923378,-52.8288918
2009-12-01 10:13:00,99.9225845,-52.8204041
2009-12-01 10:35:00,99.9230423,-52.8141022
2009-12-01 10:58:00,99.9234619,-52.807827
2009-12-01 11:20:00,99.9246674,-52.7990837
2009-12-01 11:45:00,99.9293671,-52.7928047
2009-12-01 12:29:00,99.9336319,-52.7803764
2009-12-01 12:52:00,99.9404602,-52.7744408
2009-12-01 13:14:00,99.941658,-52.7663269
2009-12-01 14:34:00,99.9293518,-52.7364998
2009-12-01 15:11:00,99.922348,-52.7231178
2009-12-01 15:45:00,99.9175262,-52.7079239
2009-12-01 16:38:00,99.9030075,-52.6843033
2009-12-01 17:36:00,99.8877182,-52.6595001
2009-12-01 18:09:00,99.8735809,-52.6459923
2009-12-01 19:30:00,99.8429489,-52.6280708
2009-12-01 20:08:00,99.8218765,-52.6090698
2009-12-02 00:39:00,99.7806702,-52.5830574
2009-12-02 02:01:00,99.7687683,-52.5616341
2009-12-02 03:05:00,99.7537689,-52.5385132
2009-12-02 03:27:00,99.7477951,-52.5271645
2009-12-02 04:17:00,99.743866,-52.5037804
2009-12-02 04:38:00,99.7424774,-52.4975929
2009-12-02 04:59:00,99.737915,-52.4905891
2009-12-02 05:24:00,99.7289963,-52.4835701
2009-12-02 05:49:00,99.7214737,-52.4741707
2009-12-02 06:15:00,99.7136383,-52.4667358
2009-12-02 06:37:00,99.7027664,-52.4571762
2009-12-02 06:59:00,99.7006302,-52.4474754
2009-12-02 07:21:00,99.7009659,-52.4407349
2009-12-02 08:08:00,99.6781845,-52.4344101
2009-12-02 09:58:00,99.6193542,-52.4026451
2009-12-02 10:19:00,99.6118088,-52.3970146
2009-12-02 10:39:00,99.605484,-52.3909035
2009-12-02 10:59:00,99.602562,-52.3825951
2009-12-02 11:19:00,99.5944672,-52.3714752
2009-12-02 11:41:00,99.5863724,-52.3620758
2009-12-02 12:23:00,99.5655899,-52.3454056
2009-12-02 13:34:00,99.5376816,-52.3218689
2009-12-02 14:10:00,99.5165176,-52.3155823
2009-12-02 14:43:00,99.494873,-52.3063965
2009-12-02 15:48:00,99.4635391,-52.2892418
2009-12-02 16:54:00,99.4108047,-52.2692261
2009-12-02 17:26:00,99.390152,-52.2567139
2009-12-02 17:57:00,99.3833694,-52.2557678
2009-12-02 18:26:00,99.3708115,-52.2465706
2009-12-02 18:56:00,99.3693924,-52.2456322
2009-12-02 19:26:00,99.3717499,-52.2349319
2009-12-02 21:19:00,99.3223038,-52.1935997
2009-12-02 21:39:00,99.3166122,-52.1854591
2009-12-02 21:59:00,99.3082886,-52.1804886
2009-12-03 00:20:00,99.2464828,-52.1533623
2009-12-03 01:05:00,99.2299194,-52.1482735
2009-12-03 02:29:00,99.1998749,-52.1422234
2009-12-03 02:50:00,99.1888504,-52.1409378
2009-12-03 03:12:00,99.176918,-52.139637
2009-12-03 03:34:00,99.1615906,-52.1368637
2009-12-03 03:57:00,99.1498871,-52.1326141
2009-12-03 04:19:00,99.1299438,-52.1260567
2009-12-03 05:14:00,99.1135941,-52.1226807
2009-12-03 05:46:00,99.1054306,-52.1163101
2009-12-03 06:10:00,99.0959549,-52.1093063
2009-12-03 06:57:00,99.0780869,-52.0964432
2009-12-03 07:20:00,99.0694122,-52.0903473
2009-12-03 07:43:00,99.0630493,-52.084362
2009-12-03 08:49:00,99.0430222,-52.0667191
2009-12-03 09:10:00,99.033699,-52.0626984
2009-12-03 09:53:00,99.0145569,-52.0559196
2009-12-03 10:17:00,99.0025406,-52.0472794
2009-12-03 10:40:00,98.9983749,-52.0394402
2009-12-03 14:31:00,98.8545609,-52.0062981
2009-12-03 15:21:00,98.8064728,-52.0082664
2009-12-03 16:31:00,98.7355423,-52.0206795
2009-12-03 17:59:00,98.7159271,-52.0195885
2009-12-03 18:28:00,98.710434,-52.0336685
2009-12-03 18:56:00,98.7129822,-52.0365944
2009-12-03 19:25:00,98.6895142,-52.0364723
2009-12-03 19:57:00,98.6847687,-52.0330429
2009-12-03 20:29:00,98.6748352,-52.030056
2009-12-03 21:05:00,98.655098,-52.0340919
2009-12-03 21:26:00,98.6455307,-52.036808
2009-12-03 23:26:00,98.6399536,-52.0295334
2009-12-04 00:06:00,98.6285934,-52.0280838
2009-12-04 01:13:00,98.605957,-52.0287628
2009-12-04 01:36:00,98.5945511,-52.0264282
2009-12-04 02:23:00,98.5818558,-52.0249672
2009-12-04 02:45:00,98.5750732,-52.022831
2009-12-04 03:10:00,98.5644684,-52.0209732
2009-12-04 03:54:00,98.5458832,-52.0147133
2009-12-04 04:14:00,98.5457611,-52.0118828
2009-12-04 05:22:00,98.5191879,-52.0004921
2009-12-04 05:45:00,98.5094452,-51.9961205
2009-12-04 08:44:00,98.4621887,-51.9642029
2009-12-04 09:06:00,98.4575272,-51.9572601
2009-12-04 09:32:00,98.4551163,-51.9500504
2009-12-04 10:18:00,98.4543381,-51.9367752
2009-12-04 11:29:00,98.4342346,-51.9201164
2009-12-04 11:52:00,98.4241638,-51.9141426
2009-12-04 12:39:00,98.4087296,-51.9056435
2009-12-04 13:20:00,98.3923798,-51.8963814
2009-12-04 13:40:00,98.3826294,-51.8943291
2009-12-04 15:22:00,98.3410645,-51.8943901
2009-12-04 15:52:00,98.3177414,-51.8889008
2009-12-04 16:36:00,98.2947617,-51.8842926
2009-12-04 17:04:00,98.2933273,-51.8833656
2009-12-04 17:31:00,98.2921066,-51.8930855
2009-12-04 17:59:00,98.2830734,-51.8915215
2009-12-04 18:26:00,98.2898788,-51.8821754
2009-12-04 18:53:00,98.2976151,-51.8754082
2009-12-04 19:54:00,98.3331604,-51.8874588
2009-12-04 20:59:00,98.3173447,-51.8878059
2009-12-04 21:19:00,98.3243942,-51.8860207
2009-12-04 22:00:00,98.3336716,-51.8725853
2009-12-04 22:37:00,98.3157196,-51.8750648
2009-12-05 00:54:00,98.2820663,-51.8911705
2009-12-05 02:32:00,98.312912,-51.8943481
2009-12-05 02:53:00,98.3148193,-51.9027863
2009-12-05 03:15:00,98.308136,-51.9100685
2009-12-05 03:38:00,98.2980804,-51.9162827
2009-12-05 04:00:00,98.2853928,-51.917511
2009-12-05 04:25:00,98.270668,-51.9116745
2009-12-05 04:50:00,98.2592926,-51.9148254
2009-12-05 05:13:00,98.2624359,-51.9220161
2009-12-05 06:15:00,98.2564697,-51.9316216
2009-12-05 06:54:00,98.2456207,-51.9362717
2009-12-05 07:54:00,98.236908,-51.9387627
2009-12-05 11:39:00,98.2266388,-51.9355202
2009-12-05 12:08:00,98.2336426,-51.941433
2009-12-05 20:59:00,98.3508301,-51.9522171
2009-12-05 21:20:00,98.3470306,-51.9555435
2009-12-05 21:56:00,98.3697052,-51.9603691
2009-12-05 22:51:00,98.3790894,-51.9528694
2009-12-06 01:37:00,98.3720245,-51.9936905
2009-12-06 02:00:00,98.3700562,-52.0026703
2009-12-06 03:03:00,98.3656998,-52.0268631
2009-12-06 03:26:00,98.36409,-52.0355453
2009-12-06 04:36:00,98.3276138,-52.0469513
2009-12-06 05:24:00,98.3073959,-52.0385132
2009-12-06 09:32:00,98.2901688,-51.9863396
2009-12-06 10:13:00,98.2886734,-51.9774971
2009-12-06 11:44:00,98.3082047,-51.9530945
2009-12-06 12:29:00,98.3109741,-51.9404411
2009-12-06 14:46:00,98.3177872,-51.9175072
2009-12-06 15:35:00,98.3221283,-51.9197578
2009-12-06 16:00:00,98.3290863,-51.9194908
2009-12-06 16:51:00,98.3354874,-51.9337082
2009-12-06 17:29:00,98.336441,-51.9271278
2009-12-06 17:54:00,98.3507996,-51.9287796
2009-12-06 19:10:00,98.342308,-51.9446945
2009-12-06 20:03:00,98.3558502,-51.9500694
2009-12-06 21:02:00,98.367363,-51.9616661
2009-12-06 21:32:00,98.3699799,-51.9614716
2009-12-06 22:24:00,98.3741302,-51.9682274
2009-12-07 03:03:00,98.4024811,-51.9772758
2009-12-07 03:25:00,98.391571,-51.97826
2009-12-07 03:48:00,98.3801651,-51.9766617
2009-12-07 04:11:00,98.3741226,-51.9769936
2009-12-07 04:54:00,98.373558,-51.9677773
2009-12-07 05:16:00,98.3765259,-51.9619446
2009-12-07 05:40:00,98.3829727,-51.9555092
2009-12-07 06:04:00,98.3971405,-51.9508553
2009-12-07 06:47:00,98.4153976,-51.9585075
2009-12-07 07:10:00,98.4257736,-51.9637756
2009-12-07 07:33:00,98.4343491,-51.9647446
2009-12-07 07:54:00,98.4433365,-51.9602127
2009-12-07 08:42:00,98.4676666,-51.9679947
2009-12-07 09:02:00,98.4748688,-51.973423
2009-12-07 09:23:00,98.4849777,-51.9756165
2009-12-07 09:44:00,98.4870758,-51.9830208
2009-12-07 10:27:00,98.4991455,-51.9915237
2009-12-07 11:12:00,98.5117188,-51.9998512
2009-12-07 11:33:00,98.5118332,-52.0077858
2009-12-07 12:17:00,98.4973984,-52.0205193
2009-12-07 12:39:00,98.4848938,-52.0203018
2009-12-07 14:09:00,98.4762497,-52.0175133
2009-12-07 16:03:00,98.4862595,-52.0377655
2009-12-07 17:00:00,98.4927826,-52.0504379
2009-12-07 17:27:00,98.4923553,-52.0475311
2009-12-07 17:56:00,98.4914322,-52.0490799
2009-12-07 18:26:00,98.4922485,-52.0566788
2009-12-07 18:51:00,98.484787,-52.0560417
2009-12-07 19:49:00,98.4762573,-52.0678902
2009-12-07 20:19:00,98.479454,-52.067379
2009-12-07 20:52:00,98.4735413,-52.0622749
2009-12-08 01:07:00,98.4988098,-52.086792
2009-12-08 03:36:00,98.4801865,-52.0771942
2009-12-08 05:13:00,98.4683533,-52.0520439
2009-12-08 06:25:00,98.4598236,-52.0324631
2009-12-08 07:13:00,98.4513702,-52.0232162
2009-12-08 08:58:00,98.4173126,-52.0077591
2009-12-08 09:21:00,98.4068985,-52.0053062
2009-12-08 12:14:00,98.3284073,-52.001709
2009-12-08 13:17:00,98.3005981,-51.9989014
2009-12-08 13:38:00,98.2470932,-51.9958153
2009-12-08 14:15:00,98.2718887,-51.9900246
2009-12-08 15:26:00,98.2262573,-51.9814873
2009-12-08 17:28:00,98.1597977,-51.9756699
2009-12-08 17:59:00,98.1465073,-51.9692993
2009-12-08 18:35:00,98.1321259,-51.959938
2009-12-08 19:11:00,98.1118698,-51.9550362
2009-12-08 20:49:00,98.0419693,-51.9493828
2009-12-09 01:37:00,97.8665237,-51.9583092
2009-12-09 02:02:00,97.848053,-51.9619942
2009-12-09 02:25:00,97.8320465,-51.9657898
2009-12-09 06:18:00,97.6644821,-52.0033035
2009-12-09 06:42:00,97.648819,-52.0062637
2009-12-09 07:07:00,97.6364212,-52.0119438
2009-12-09 10:05:00,97.5601654,-52.0255203
2009-12-09 11:20:00,97.516449,-52.0357704
2009-12-09 11:41:00,97.5067902,-52.0298996
2009-12-09 12:29:00,97.4824219,-52.0287552
2009-12-09 13:48:00,97.4843903,-52.0333557
2009-12-09 15:03:00,97.4436722,-52.022583
2009-12-09 18:33:00,97.4243469,-52.0244217
2009-12-09 19:05:00,97.4403687,-52.0239792
2009-12-10 03:02:00,97.41465,-52.0630112
2009-12-10 07:44:00,97.4286804,-52.0570374
2009-12-10 11:05:00,97.3694229,-52.0945625
2009-12-10 11:29:00,97.3591766,-52.0985222
2009-12-10 18:18:00,97.3194199,-52.0164986
2009-12-10 21:00:00,97.3924637,-51.9907036
2009-12-11 03:24:00,97.194252,-51.9887772
2009-12-11 03:48:00,97.1824646,-51.9865227
2009-12-11 04:41:00,97.1549225,-51.9727173
2009-12-11 06:29:00,97.1286697,-51.9626884
2009-12-11 06:50:00,97.1172943,-51.9604378
2009-12-11 08:28:00,97.0704193,-51.9510918
2009-12-11 09:18:00,97.0451584,-51.950943
2009-12-11 09:44:00,97.0294724,-51.9508171
2009-12-11 13:05:00,96.8939362,-51.9094658
2009-12-11 14:32:00,96.8352356,-51.8958435
2009-12-11 17:36:00,96.7268829,-51.8108864
2009-12-11 18:13:00,96.7264862,-51.7968216
2009-12-11 18:45:00,96.7236481,-51.778511
2009-12-11 20:38:00,96.7160416,-51.7394485
2009-12-11 22:53:00,96.7097626,-51.6898422
2009-12-12 02:12:00,96.6809082,-51.6314583
2009-12-12 02:38:00,96.68013,-51.6213875
2009-12-12 03:02:00,96.6824951,-51.6135292
2009-12-12 06:37:00,96.6228333,-51.556881
2009-12-12 08:27:00,96.6006393,-51.5374908
2009-12-12 08:48:00,96.6023026,-51.5302849
2009-12-12 09:11:00,96.602211,-51.5264091
2009-12-12 09:46:00,96.5988617,-51.5231018
2009-12-12 11:40:00,96.5554962,-51.5086746
2009-12-12 12:02:00,96.547142,-51.5051804
2009-12-12 13:30:00,96.5314407,-51.4987411
2009-12-12 14:07:00,96.5161514,-51.4971237
2009-12-12 14:46:00,96.5118027,-51.4933815
2009-12-12 15:06:00,96.5068741,-51.491581
2009-12-12 15:42:00,96.4931335,-51.4896812
2009-12-12 16:03:00,96.4894638,-51.4904709
2009-12-12 16:41:00,96.4797134,-51.4858818
2009-12-12 17:02:00,96.4763565,-51.4830666
2009-12-12 18:17:00,96.4620895,-51.4817352
2009-12-12 18:37:00,96.459877,-51.4791603
2009-12-12 19:31:00,96.4436264,-51.472805
2009-12-12 20:06:00,96.4305801,-51.4697151
2009-12-12 20:42:00,96.4210739,-51.4662552
2009-12-13 00:29:00,96.3542786,-51.4734726
2009-12-13 01:54:00,96.3350372,-51.4743118
2009-12-13 03:51:00,96.3128128,-51.473896
2009-12-13 04:12:00,96.3110046,-51.4750938
2009-12-13 04:47:00,96.3040085,-51.4738998
2009-12-13 05:08:00,96.3039703,-51.4713097
2009-12-13 05:29:00,96.3019333,-51.4691086
2009-12-13 06:43:00,96.3004608,-51.4576454
2009-12-13 08:00:00,96.2810898,-51.4554825
2009-12-13 08:21:00,96.2813873,-51.4589195
2009-12-13 08:55:00,96.2808685,-51.4622002
2009-12-13 09:15:00,96.2809525,-51.4586945
2009-12-13 10:12:00,96.272438,-51.4584618
2009-12-13 12:28:00,96.2594452,-51.4498863
2009-12-13 13:09:00,96.2564774,-51.4492264
2009-12-13 15:00:00,96.2205505,-51.4686279
2009-12-13 15:35:00,96.204895,-51.4731369
2009-12-13 17:02:00,96.1618729,-51.4811134
2009-12-13 17:39:00,96.1404648,-51.4909439
2009-12-13 18:20:00,96.1202545,-51.4942589
2009-12-13 18:44:00,96.1093979,-51.4952621
2009-12-13 19:24:00,96.0906982,-51.5021172
2009-12-13 20:00:00,96.0740204,-51.5092278
2009-12-13 20:38:00,96.0558243,-51.511364
2009-12-14 02:43:00,95.9066544,-51.5242081
2009-12-14 03:08:00,95.8966141,-51.5236778
2009-12-14 04:27:00,95.8628464,-51.5252647
2009-12-14 04:50:00,95.8546066,-51.5270042
2009-12-14 05:36:00,95.8430481,-51.5347404
2009-12-14 05:58:00,95.8366928,-51.5339279
2009-12-14 06:20:00,95.8294296,-51.5411606
2009-12-14 09:45:00,95.7634201,-51.5659981
2009-12-14 10:10:00,95.7546768,-51.5696449
2009-12-14 10:34:00,95.7454834,-51.5722389
2009-12-14 11:23:00,95.7323761,-51.5769691
2009-12-14 11:48:00,95.7262878,-51.5776558
2009-12-14 12:14:00,95.7222672,-51.5761719
2009-12-14 12:38:00,95.7236938,-51.5756607
2009-12-14 13:43:00,95.7125015,-51.581398
2009-12-14 14:22:00,95.7014236,-51.591568
2009-12-14 14:43:00,95.697319,-51.5989685
2009-12-14 15:14:00,95.6962814,-51.6074638
2009-12-15 06:47:00,95.8726501,-51.7072525
2009-12-15 07:08:00,95.8666916,-51.7076721
2009-12-15 08:22:00,95.8645477,-51.7180023
2009-12-15 09:03:00,95.8611374,-51.7243538
2009-12-15 09:24:00,95.8585205,-51.7281952
2009-12-15 12:34:00,95.8374023,-51.7551193
2009-12-15 13:46:00,95.8682785,-51.763401
2009-12-15 15:21:00,95.9199295,-51.7762375
2009-12-15 15:49:00,95.9292526,-51.7711601
2009-12-15 17:29:00,95.9673538,-51.7831192
2009-12-15 18:39:00,95.9934387,-51.7862282
2009-12-15 19:08:00,96.0094528,-51.7895584
2009-12-16 02:16:00,96.1130981,-51.8188477
2009-12-16 02:37:00,96.1132965,-51.8226395
2009-12-16 03:33:00,96.1042252,-51.817234
2009-12-16 04:32:00,96.1180496,-51.8011665
2009-12-16 05:31:00,96.137146,-51.7927551
2009-12-16 05:52:00,96.1345367,-51.792881
2009-12-16 06:29:00,96.147934,-51.79599
2009-12-16 06:50:00,96.1456833,-51.7960701
2009-12-16 08:44:00,96.1401062,-51.7974167
2009-12-16 09:19:00,96.1379318,-51.795929
2009-12-16 10:28:00,96.1354904,-51.8012428
2009-12-16 11:04:00,96.1581497,-51.7986526
2009-12-16 12:10:00,96.1741028,-51.8026772
2009-12-16 13:31:00,96.2081833,-51.8073502
2009-12-16 16:07:00,96.2507324,-51.8158073
2009-12-16 17:06:00,96.2762527,-51.8213463
2009-12-16 17:35:00,96.2827988,-51.8215637
2009-12-16 22:58:00,96.2772903,-51.8231735
2009-12-17 02:16:00,96.247612,-51.8019638
2009-12-17 02:40:00,96.2401352,-51.8015327
2009-12-17 03:57:00,96.2243958,-51.7972984
2009-12-17 05:50:00,96.2445984,-51.7955551
2009-12-17 06:31:00,96.2513885,-51.7866058
2009-12-17 08:49:00,96.2324371,-51.7819519
2009-12-17 10:07:00,96.2205582,-51.7881279
2009-12-17 11:34:00,96.2435989,-51.791893
2009-12-17 12:38:00,96.4222336,-51.8334885
2009-12-17 17:50:00,96.2916718,-51.7974396
2009-12-17 18:24:00,96.2946777,-51.8026199
2009-12-17 20:08:00,96.3084106,-51.8084221
2009-12-17 22:52:00,96.3486023,-51.8078079
2009-12-18 00:31:00,96.3809204,-51.8134651
2009-12-18 02:41:00,96.3824692,-51.814167
2009-12-18 03:14:00,96.3880539,-51.8148651
2009-12-18 04:53:00,96.4017029,-51.827095
2009-12-18 05:14:00,96.4086227,-51.8277473
2009-12-18 05:39:00,96.4140015,-51.8267136
2009-12-18 06:24:00,96.4324875,-51.8151665
2009-12-18 06:46:00,96.438797,-51.8152351
2009-12-18 08:07:00,96.4475098,-51.8163567
2009-12-18 08:54:00,96.4445419,-51.8155785
2009-12-18 09:24:00,96.445816,-51.8134651
2009-12-18 11:06:00,96.4653931,-51.8215752
2009-12-18 11:48:00,96.4877548,-51.8202477
2009-12-18 12:25:00,96.5087814,-51.8160172
2009-12-18 12:59:00,96.519104,-51.8194847
2009-12-18 14:46:00,96.5628815,-51.8218956
2009-12-18 16:24:00,96.5921021,-51.8231926
2009-12-18 17:23:00,96.5926819,-51.8325386
2009-12-18 20:24:00,96.6329727,-51.8280067
2009-12-19 02:17:00,96.7058487,-51.8445473
2009-12-19 02:37:00,96.7080841,-51.8397446
2009-12-19 02:58:00,96.7091675,-51.8350868
2009-12-19 03:21:00,96.7152176,-51.8294487
2009-12-19 04:04:00,96.7224274,-51.8229294
2009-12-19 04:37:00,96.7193222,-51.8197556
2009-12-19 06:00:00,96.7605591,-51.8163643
2009-12-19 06:32:00,96.7733002,-51.8135033
2009-12-19 08:36:00,96.7933426,-51.8254776
2009-12-19 09:31:00,96.7803192,-51.829319
2009-12-19 10:05:00,96.7699203,-51.828949
2009-12-19 10:41:00,96.765152,-51.8287392
2009-12-19 11:16:00,96.7719574,-51.8380852
2009-12-19 11:37:00,96.780426,-51.842968
2009-12-19 14:00:00,96.8540039,-51.8468781
2009-12-19 14:30:00,96.8665466,-51.8436966
2009-12-19 15:18:00,96.8650894,-51.8409996
2009-12-19 16:47:00,96.863945,-51.8449669
2009-12-19 17:15:00,96.8726044,-51.8478966
2009-12-19 17:43:00,96.8701859,-51.8473167
2009-12-19 18:38:00,96.8693924,-51.8524437
2009-12-20 03:19:00,96.9639359,-51.8417244
2009-12-20 04:15:00,96.9708633,-51.839962
2009-12-20 04:43:00,96.9768295,-51.8393669
2009-12-20 05:12:00,96.9825592,-51.8403015
2009-12-20 05:40:00,96.9914703,-51.8400116
2009-12-20 09:14:00,97.033226,-51.8479691
2009-12-20 09:46:00,97.0386505,-51.8448715
2009-12-20 10:19:00,97.0428619,-51.8412933
2009-12-20 11:50:00,97.0728836,-51.8510933
2009-12-20 12:10:00,97.0756302,-51.8521423
2009-12-20 12:44:00,97.079277,-51.8506927
2009-12-20 13:18:00,97.0857925,-51.8536339
2009-12-20 13:54:00,97.0839233,-51.8419342
2009-12-20 14:15:00,97.0897522,-51.838253
2009-12-20 14:50:00,97.0919571,-51.8241196
2009-12-20 16:27:00,97.1146393,-51.8169785
2009-12-20 16:55:00,97.1179352,-51.8158417
2009-12-20 17:23:00,97.1267548,-51.8079224
2009-12-20 18:06:00,97.1321335,-51.8105049
2009-12-20 19:48:00,97.1636581,-51.8045502
2009-12-20 20:17:00,97.1732483,-51.8045998
2009-12-21 01:33:00,97.2614746,-51.7773895
2009-12-21 02:22:00,97.2934799,-51.7803078
2009-12-21 03:30:00,97.3550797,-51.7791328
2009-12-21 07:29:00,97.4336777,-51.7565575
2009-12-21 09:01:00,97.4571075,-51.7398109
2009-12-21 09:22:00,97.460228,-51.7373047
2009-12-21 10:10:00,97.4783173,-51.7318726
2009-12-21 19:05:00,97.6435852,-51.6951065
2009-12-21 22:44:00,97.7085724,-51.6638718
2009-12-21 23:43:00,97.73703,-51.6428337
2009-12-22 01:16:00,97.761879,-51.6386261
2009-12-22 02:45:00,97.8039322,-51.6182137
2009-12-22 03:05:00,97.8154602,-51.6166344
2009-12-22 03:25:00,97.8271713,-51.6145096
2009-12-22 03:45:00,97.8369217,-51.6102371
2009-12-22 04:05:00,97.8507919,-51.6090164
2009-12-22 04:28:00,97.8536682,-51.6074486
2009-12-22 05:40:00,97.89991,-51.5779915
2009-12-22 06:18:00,97.9355164,-51.570797
2009-12-22 07:30:00,98.0011063,-51.5660515
2009-12-22 08:38:00,98.0625839,-51.5645065
2009-12-22 17:01:00,98.3185272,-51.4933052
2009-12-22 19:45:00,98.3808823,-51.4914322
2009-12-22 23:06:00,98.4217834,-51.4532013
2009-12-23 00:08:00,98.4417572,-51.45467
2009-12-23 02:12:00,98.4882202,-51.455246
2009-12-23 04:15:00,98.5316086,-51.4482422
2009-12-23 05:18:00,98.5323029,-51.4546356
2009-12-23 06:21:00,98.5339813,-51.4419327
2009-12-23 07:27:00,98.5591888,-51.421196
2009-12-23 08:34:00,98.6120758,-51.4215088
2009-12-23 09:11:00,98.634819,-51.4247627
2009-12-23 10:19:00,98.6691055,-51.408123
2009-12-23 11:17:00,98.6790543,-51.3885689
2009-12-23 11:52:00,98.678299,-51.3786316
2009-12-23 13:02:00,98.6703796,-51.3669205
2009-12-23 13:54:00,98.669075,-51.3568535
2009-12-23 14:56:00,98.6802597,-51.3472328
2009-12-23 15:53:00,98.6879501,-51.346714
2009-12-23 16:22:00,98.6874847,-51.3456993
2009-12-23 17:53:00,98.7275314,-51.3252525
2009-12-23 18:49:00,98.7734299,-51.314167
2009-12-23 19:19:00,98.7743378,-51.3140831
2009-12-23 23:08:00,98.7527924,-51.2989922
2009-12-24 00:37:00,98.7861023,-51.2796059
2009-12-24 01:49:00,98.7761841,-51.2688103
2009-12-24 02:24:00,98.765892,-51.2654572
2009-12-24 02:58:00,98.7649155,-51.2558403
2009-12-24 05:16:00,98.7397003,-51.2405472
2009-12-24 06:05:00,98.7264099,-51.2389259
2009-12-24 07:44:00,98.684906,-51.2244339
2009-12-24 08:09:00,98.6728287,-51.2213783
2009-12-24 08:55:00,98.6489334,-51.2169266
2009-12-24 09:37:00,98.6279678,-51.2152939
2009-12-24 09:59:00,98.6174011,-51.2132874
2009-12-24 10:46:00,98.5947876,-51.2061691
2009-12-24 11:32:00,98.5702667,-51.2023773
2009-12-24 11:54:00,98.5608673,-51.1958313
2009-12-24 12:38:00,98.5392151,-51.1840858
2009-12-24 13:00:00,98.5309601,-51.183506
2009-12-24 13:48:00,98.5096588,-51.1798286
2009-12-24 14:55:00,98.4720535,-51.1679344
2009-12-24 15:16:00,98.454628,-51.1639061
2009-12-24 15:50:00,98.4290543,-51.1573601
2009-12-24 16:31:00,98.3962326,-51.1551628
2009-12-24 17:00:00,98.3735046,-51.1510849
2009-12-24 17:30:00,98.3441162,-51.1502113
2009-12-24 18:00:00,98.3180161,-51.1487579
2009-12-24 18:31:00,98.2922363,-51.1446228
2009-12-24 19:37:00,98.2314606,-51.1359367
2009-12-24 20:14:00,98.1974258,-51.1292725
2009-12-24 22:37:00,98.1089554,-51.1164703
2009-12-24 23:24:00,98.0913315,-51.1182709
2009-12-24 23:46:00,98.077919,-51.1192245
2009-12-25 00:32:00,98.053833,-51.1198959
2009-12-25 00:55:00,98.0408325,-51.1195641
2009-12-25 01:19:00,98.0286865,-51.1191139
2009-12-25 01:45:00,98.0148544,-51.1180458
2009-12-25 02:05:00,98.0029297,-51.1202202
2009-12-25 02:27:00,97.9930649,-51.1212273
2009-12-25 02:49:00,97.9872055,-51.1259422
2009-12-25 03:10:00,97.9825287,-51.1290131
2009-12-25 03:32:00,97.971756,-51.130497
2009-12-25 04:14:00,97.9474487,-51.1343002
2009-12-25 04:34:00,97.935051,-51.1341934
2009-12-25 04:55:00,97.9212875,-51.1345139
2009-12-25 05:17:00,97.9091873,-51.1338806
2009-12-25 06:49:00,97.8579102,-51.1273842
2009-12-25 07:13:00,97.8447342,-51.1268578
2009-12-25 07:33:00,97.8343658,-51.1258888
2009-12-25 07:54:00,97.8251038,-51.1245728
2009-12-25 08:17:00,97.8154297,-51.1242561
2009-12-25 08:38:00,97.8029938,-51.1239395
2009-12-25 09:02:00,97.7876205,-51.1241264
2009-12-25 10:11:00,97.7453156,-51.1301575
2009-12-25 10:31:00,97.7354507,-51.1324387
2009-12-25 10:53:00,97.7228394,-51.1318245
2009-12-25 11:13:00,97.7111282,-51.1326981
2009-12-25 13:18:00,97.6298599,-51.147522
2009-12-25 13:39:00,97.6114883,-51.1511993
2009-12-25 14:00:00,97.5971832,-51.1551819
2009-12-25 15:42:00,97.5119858,-51.1812325
2009-12-25 16:15:00,97.4839249,-51.1915779
2009-12-25 16:48:00,97.4523621,-51.2032089
2009-12-25 17:20:00,97.4209137,-51.2100182
2009-12-25 17:41:00,97.4015198,-51.2127571
2009-12-25 18:57:00,97.3195038,-51.2232704
2009-12-25 20:11:00,97.2477951,-51.2262497
2009-12-25 23:53:00,97.0763168,-51.2364349
2009-12-26 00:16:00,97.0565948,-51.2404442
2009-12-26 00:36:00,97.0399246,-51.2431641
2009-12-26 00:57:00,97.0237198,-51.2474823
2009-12-26 01:22:00,97.0042038,-51.2528381
2009-12-26 01:46:00,96.983429,-51.2589149
2009-12-26 02:07:00,96.9674149,-51.2664719
2009-12-26 02:29:00,96.9510269,-51.2699776
2009-12-26 03:42:00,96.9025879,-51.2861595
2009-12-26 04:04:00,96.8893204,-51.291275
2009-12-26 05:11:00,96.841568,-51.3056335
2009-12-26 05:59:00,96.8133698,-51.3120041
2009-12-26 07:59:00,96.7443161,-51.3099899
2009-12-26 08:43:00,96.7162247,-51.3208618
2009-12-26 09:04:00,96.7030258,-51.3271751
2009-12-26 09:28:00,96.6854401,-51.3337173
2009-12-26 09:52:00,96.668045,-51.3380547
2009-12-26 10:15:00,96.6547852,-51.342823
2009-12-26 10:39:00,96.6361084,-51.3489532
2009-12-26 11:02:00,96.6201172,-51.3548355
2009-12-26 11:26:00,96.6009827,-51.3579216
2009-12-26 11:50:00,96.5797729,-51.362812
2009-12-26 12:15:00,96.5574188,-51.3668365
2009-12-26 12:43:00,96.5354004,-51.3709259
2009-12-26 13:09:00,96.5197296,-51.3751755
2009-12-26 13:35:00,96.5025864,-51.3808403
2009-12-26 13:57:00,96.4896317,-51.3852997
2009-12-26 14:19:00,96.4767838,-51.3899765
2009-12-26 14:39:00,96.464592,-51.3935165
2009-12-26 15:42:00,96.4258728,-51.4034004
2009-12-26 16:38:00,96.3907318,-51.4161339
2009-12-26 17:05:00,96.3735962,-51.4267502
2009-12-26 18:02:00,96.3443298,-51.4450645
2009-12-26 19:43:00,96.2971725,-51.4716148
2009-12-27 01:25:00,96.149231,-51.5228806
2009-12-27 01:46:00,96.1439209,-51.5253487
2009-12-27 05:03:00,96.0772629,-51.5683403
2009-12-27 08:12:00,96.0000076,-51.5779648
2009-12-27 09:34:00,96.0045013,-51.5882416
2009-12-27 10:13:00,96.0064926,-51.5935097
2009-12-27 10:52:00,96.0069733,-51.5998306
2009-12-27 12:10:00,95.9583511,-51.602951
2009-12-27 12:30:00,95.948616,-51.6033211
2009-12-27 12:53:00,95.9356155,-51.6038399
2009-12-27 13:14:00,95.9234695,-51.6057625
2009-12-27 13:35:00,95.9113235,-51.6080627
2009-12-27 13:55:00,95.8993378,-51.6110077
2009-12-27 14:15:00,95.8876114,-51.6123123
2009-12-27 16:09:00,95.7927933,-51.6205978
2009-12-27 16:40:00,95.778862,-51.6250458
2009-12-27 17:48:00,95.705719,-51.6240196
2009-12-27 20:30:00,95.6267242,-51.6097221
2009-12-27 22:51:00,95.5578918,-51.6112862
2009-12-28 00:51:00,95.504097,-51.6115837
2009-12-28 04:07:00,95.5190125,-51.5991135
2009-12-28 05:42:00,95.5414429,-51.5959663
2009-12-28 07:21:00,95.5492706,-51.585495
2009-12-28 07:45:00,95.5531845,-51.58321
2009-12-28 08:10:00,95.5533981,-51.5813713
2009-12-28 10:57:00,95.4877472,-51.5530128
2009-12-28 11:18:00,95.4780655,-51.5497208
2009-12-28 11:38:00,95.47332,-51.5469055
2009-12-28 14:31:00,95.4968643,-51.5340118
2009-12-28 16:14:00,95.5050125,-51.5109749
2009-12-28 16:41:00,95.5104141,-51.5053978
2009-12-28 17:37:00,95.5233612,-51.4918098
2009-12-28 20:14:00,95.5407486,-51.4687233
2009-12-28 21:18:00,95.5076752,-51.4568977
2009-12-29 03:04:00,95.5158997,-51.375927
2009-12-29 05:46:00,95.5062561,-51.3463936
2009-12-29 06:18:00,95.5039825,-51.3390579
2009-12-29 08:34:00,95.5289612,-51.3170357
2009-12-29 09:07:00,95.5346222,-51.303154
2009-12-29 09:41:00,95.5391541,-51.2980461
2009-12-29 10:49:00,95.5281219,-51.2820396
2009-12-29 11:22:00,95.5179367,-51.2709045
2009-12-29 12:20:00,95.4830627,-51.2582436
2009-12-29 13:17:00,95.4417419,-51.2456017
2009-12-29 13:39:00,95.439827,-51.2372589
2009-12-29 14:55:00,95.4066925,-51.2075272
2009-12-29 15:56:00,95.3889084,-51.1900864
2009-12-29 16:51:00,95.3357697,-51.174305
2009-12-29 17:28:00,95.2924957,-51.1630173
2009-12-29 18:03:00,95.2500305,-51.1520081
2009-12-29 18:25:00,95.2239456,-51.1496773
2009-12-29 19:20:00,95.1726456,-51.1434402
2009-12-29 21:04:00,95.0701447,-51.133709
2009-12-29 22:39:00,94.9891281,-51.1354523
2009-12-29 23:04:00,94.9682922,-51.1365891
2009-12-30 01:28:00,94.8466263,-51.1352501
2009-12-30 02:18:00,94.7955246,-51.1294746
2009-12-30 07:23:00,94.516716,-51.1175461
2009-12-30 07:45:00,94.4996033,-51.1172066
2009-12-30 08:51:00,94.4454727,-51.114006
2009-12-30 09:11:00,94.4287491,-51.1159134
2009-12-30 09:32:00,94.4132843,-51.1210022
2009-12-30 09:53:00,94.3981628,-51.1249771
2009-12-30 10:13:00,94.3876648,-51.1307449
2009-12-30 10:33:00,94.36866,-51.1377716
2009-12-30 10:54:00,94.346817,-51.1422844
2009-12-30 11:18:00,94.3304825,-51.1494331
2009-12-30 11:44:00,94.3124313,-51.1588173
2009-12-30 12:08:00,94.2910614,-51.1675148
2009-12-30 12:31:00,94.2700043,-51.1725121
2009-12-30 13:35:00,94.2145081,-51.1883049
2009-12-30 14:17:00,94.1734619,-51.1968765
2009-12-30 14:51:00,94.1396561,-51.2029953
2009-12-30 15:18:00,94.1136169,-51.2108421
2009-12-30 16:38:00,94.0268555,-51.2287064
2009-12-30 17:07:00,93.992218,-51.2321815
2009-12-30 17:32:00,93.9657669,-51.2357521
2009-12-30 19:10:00,93.8612518,-51.2553787
2009-12-30 19:42:00,93.8259277,-51.2645073
2009-12-30 22:03:00,93.673584,-51.2897377
2009-12-30 22:23:00,93.65522,-51.2912178
2009-12-31 00:26:00,93.5476151,-51.3047218
2009-12-31 00:49:00,93.5229721,-51.3090897
2009-12-31 01:10:00,93.4954376,-51.3111382
2009-12-31 01:59:00,93.4519882,-51.311573
2009-12-31 02:51:00,93.3975601,-51.3192596
2009-12-31 03:19:00,93.3693695,-51.3213577
2009-12-31 03:46:00,93.3458633,-51.3246536
2009-12-31 04:40:00,93.2997971,-51.3229027
2009-12-31 07:05:00,93.1760788,-51.3255806
2009-12-31 07:53:00,93.1340256,-51.3332863
2009-12-31 08:17:00,93.1198883,-51.3398285
2009-12-31 08:42:00,93.1023254,-51.347023
2009-12-31 11:17:00,92.9716492,-51.3463211
2009-12-31 14:21:00,92.8211441,-51.3428154
2009-12-31 15:52:00,92.7531052,-51.3400421
2009-12-31 16:18:00,92.7311707,-51.3414383
2009-12-31 17:15:00,92.6821518,-51.3377037
2009-12-31 19:17:00,92.5891647,-51.3419151
2009-12-31 19:45:00,92.5631027,-51.3408585
2009-12-31 22:03:00,92.4635849,-51.358448
2009-12-31 22:44:00,92.4340973,-51.3647804
2009-12-31 23:21:00,92.4039154,-51.3693275
2010-01-01 00:50:00,92.356041,-51.3792572
2010-01-01 01:35:00,92.3354187,-51.382412
2010-01-01 02:45:00,92.3105927,-51.3994522
2010-01-01 03:08:00,92.3017426,-51.4020348
2010-01-01 03:48:00,92.281662,-51.4076462
2010-01-01 04:29:00,92.2647476,-51.4109268
2010-01-01 05:32:00,92.2391434,-51.4133987
2010-01-01 05:52:00,92.2339401,-51.4128113
2010-01-01 06:13:00,92.2240753,-51.4129257
2010-01-01 06:36:00,92.2120895,-51.4136696
2010-01-01 09:36:00,92.1309891,-51.4409256
2010-01-01 10:17:00,92.1150665,-51.4472771
2010-01-01 10:37:00,92.1082687,-51.4514046
2010-01-01 11:35:00,92.0954285,-51.4548416
2010-01-01 12:12:00,92.0802307,-51.4597435
2010-01-01 12:50:00,92.062439,-51.4630394
2010-01-01 13:12:00,92.0505981,-51.464344
2010-01-01 13:50:00,92.029808,-51.4676361
2010-01-01 15:55:00,91.9513779,-51.4976273
2010-01-01 17:29:00,91.8840561,-51.5154495
2010-01-01 17:50:00,91.8697357,-51.5188217
2010-01-01 18:44:00,91.8403549,-51.5239716
2010-01-02 00:07:00,91.640686,-51.5397072
2010-01-02 00:53:00,91.6251373,-51.5349808
2010-01-02 02:32:00,91.612709,-51.5274734
2010-01-02 03:49:00,91.5950394,-51.5196609
2010-01-02 04:27:00,91.58535,-51.5153427
2010-01-02 05:47:00,91.5661621,-51.5117226
2010-01-02 07:06:00,91.5407257,-51.5014877
2010-01-02 08:25:00,91.5064697,-51.4928589
2010-01-02 09:48:00,91.479248,-51.4740067
2010-01-02 10:25:00,91.4636688,-51.4712868
2010-01-02 11:49:00,91.4347839,-51.456234
2010-01-02 12:11:00,91.4299927,-51.4524536
2010-01-02 12:32:00,91.4260101,-51.4455376
2010-01-02 13:06:00,91.4276047,-51.436924
2010-01-02 13:41:00,91.4207611,-51.429184
2010-01-02 16:35:00,91.3797607,-51.3938026
2010-01-02 17:08:00,91.3783035,-51.3878479
2010-01-02 18:12:00,91.3708496,-51.3785439
2010-01-02 23:16:00,91.3248825,-51.3149338
2010-01-03 00:03:00,91.3251266,-51.3055801
2010-01-03 00:23:00,91.3207245,-51.3037415
2010-01-03 00:57:00,91.3162155,-51.2955704
2010-01-03 01:40:00,91.2993774,-51.2874947
2010-01-03 02:00:00,91.2966537,-51.2826042
2010-01-03 03:18:00,91.2670059,-51.2632828
2010-01-03 03:43:00,91.2563477,-51.2615166
2010-01-03 05:34:00,91.2138519,-51.2506905
2010-01-03 06:01:00,91.2033463,-51.2467575
2010-01-03 08:01:00,91.1386185,-51.2294998
2010-01-03 08:22:00,91.1283188,-51.2263451
2010-01-03 09:13:00,91.0979538,-51.2197037
2010-01-03 10:05:00,91.0794754,-51.2149086
2010-01-03 10:31:00,91.0671463,-51.2124481
2010-01-03 11:45:00,91.0322876,-51.2078133
2010-01-03 12:09:00,91.0183945,-51.2075462
2010-01-03 12:32:00,91.0044403,-51.2052002
2010-01-03 12:55:00,90.9876862,-51.203598
2010-01-03 13:16:00,90.9747772,-51.2020493
2010-01-03 13:59:00,90.9575119,-51.1990433
2010-01-03 14:20:00,90.9470062,-51.1976738
2010-01-03 15:17:00,90.9074783,-51.1976357
2010-01-03 15:55:00,90.8761978,-51.200634
2010-01-03 16:47:00,90.8287964,-51.2052269
2010-01-03 18:04:00,90.752739,-51.2076836
2010-01-03 18:30:00,90.7238922,-51.2051392
2010-01-03 19:06:00,90.6857376,-51.2062912
2010-01-03 20:00:00,90.6261292,-51.213398
2010-01-04 00:25:00,90.3814621,-51.2405128
2010-01-04 03:21:00,90.2185974,-51.2583542
2010-01-04 04:17:00,90.1779633,-51.262188
2010-01-04 04:47:00,90.1591568,-51.2655296
2010-01-04 06:59:00,90.0605621,-51.2734451
2010-01-04 07:25:00,90.0388718,-51.2737885
2010-01-04 08:16:00,89.9919815,-51.2727013
2010-01-04 08:43:00,89.9672546,-51.2693558
2010-01-04 09:07:00,89.9494934,-51.2637825
2010-01-04 09:32:00,89.9276886,-51.2641716
2010-01-04 10:00:00,89.9060287,-51.2641678
2010-01-04 10:29:00,89.8853607,-51.2641449
2010-01-04 10:52:00,89.8729553,-51.2640266
2010-01-04 12:10:00,89.801033,-51.2655487
2010-01-04 12:36:00,89.7796097,-51.268692
2010-01-04 12:57:00,89.7605972,-51.269455
2010-01-04 13:35:00,89.732048,-51.2733078
2010-01-04 13:55:00,89.7125778,-51.2762222
2010-01-04 14:17:00,89.6944656,-51.2788124
2010-01-04 14:52:00,89.6685104,-51.2788391
2010-01-04 15:23:00,89.642746,-51.275219
2010-01-04 15:59:00,89.6159134,-51.2721901
2010-01-04 16:25:00,89.5933075,-51.2698746
2010-01-04 16:49:00,89.5712509,-51.2686844
2010-01-04 17:17:00,89.5524292,-51.2670784
2010-01-04 17:41:00,89.5350189,-51.2652664
2010-01-04 18:06:00,89.5122986,-51.2656708
2010-01-04 18:36:00,89.4826431,-51.267807
2010-01-04 19:01:00,89.4624481,-51.2669983
2010-01-04 19:29:00,89.4358063,-51.2659683
2010-01-04 19:58:00,89.4148636,-51.2640762
2010-01-04 22:00:00,89.3245621,-51.2419891
2010-01-04 22:21:00,89.3113861,-51.2390556
2010-01-04 23:40:00,89.2565002,-51.2226563
2010-01-05 00:02:00,89.2404175,-51.2189369
2010-01-05 00:24:00,89.2209778,-51.2157326
2010-01-05 01:05:00,89.1898422,-51.210186
2010-01-05 01:26:00,89.1748581,-51.2095604
2010-01-05 01:50:00,89.1613235,-51.2069931
2010-01-05 02:40:00,89.1219025,-51.1997223
2010-01-05 03:04:00,89.1072693,-51.195652
2010-01-05 03:27:00,89.0951767,-51.1895447
2010-01-05 03:51:00,89.0808487,-51.1850357
2010-01-05 05:47:00,89.0124969,-51.1611214
2010-01-05 06:09:00,88.9977188,-51.158474
2010-01-05 06:32:00,88.9834213,-51.1552963
2010-01-05 06:56:00,88.967804,-51.1500282
2010-01-05 07:24:00,88.9436493,-51.1460609
2010-01-05 07:46:00,88.923996,-51.1465912
2010-01-05 08:07:00,88.9097977,-51.1470795
2010-01-05 09:25:00,88.8750229,-51.1515656
2010-01-05 10:02:00,88.8642273,-51.1579819
2010-01-05 10:22:00,88.8577576,-51.1609879
2010-01-05 10:43:00,88.8495255,-51.1646461
2010-01-05 11:18:00,88.8323517,-51.174099
2010-01-05 12:16:00,88.7970657,-51.1870537
2010-01-05 12:36:00,88.7873459,-51.1930161
2010-01-05 12:56:00,88.7767715,-51.1977539
2010-01-05 13:36:00,88.7540512,-51.2077446
2010-01-05 13:56:00,88.7403259,-51.2103462
2010-01-05 14:16:00,88.7259064,-51.2150192
2010-01-05 14:36:00,88.7119751,-51.218502
2010-01-05 15:07:00,88.6902008,-51.2224388
2010-01-05 15:36:00,88.6678619,-51.2261543
2010-01-05 16:00:00,88.6495285,-51.2312279
2010-01-05 16:49:00,88.6070862,-51.2435265
2010-01-05 17:14:00,88.590065,-51.249321
2010-01-05 17:41:00,88.5728836,-51.2570801
2010-01-05 18:05:00,88.557724,-51.265831
2010-01-05 18:58:00,88.5257339,-51.2843285
2010-01-05 21:41:00,88.4109573,-51.348671
2010-01-05 22:32:00,88.3853302,-51.3620262
2010-01-06 01:27:00,88.3003159,-51.4164619
2010-01-06 05:40:00,88.1758804,-51.490387
2010-01-06 07:30:00,88.1119843,-51.516716
2010-01-06 08:13:00,88.086441,-51.5223694
2010-01-06 09:38:00,88.0345154,-51.5381279
2010-01-06 11:49:00,87.9539108,-51.5636711
2010-01-06 14:10:00,87.8574066,-51.5878258
2010-01-06 19:00:00,87.662117,-51.6345444
2010-01-07 00:43:00,87.4506989,-51.6401176
2010-01-07 01:25:00,87.4350204,-51.6412125
2010-01-07 10:47:00,87.1440964,-51.6531487
2010-01-07 12:28:00,87.0772324,-51.6388016
2010-01-07 12:49:00,87.062294,-51.6380539
2010-01-07 13:27:00,87.0407944,-51.6273232
2010-01-07 16:30:00,86.892189,-51.5974579
2010-01-07 17:43:00,86.8177948,-51.5919914
2010-01-07 18:15:00,86.7825012,-51.5896492
2010-01-07 22:46:00,86.5203323,-51.5449257
2010-01-07 23:46:00,86.4634323,-51.5283661
2010-01-08 01:53:00,86.3602219,-51.5018654
2010-01-08 06:38:00,86.1335602,-51.4673615
2010-01-08 08:45:00,86.0316849,-51.4582672
2010-01-08 10:01:00,85.972496,-51.4656296
2010-01-08 10:24:00,85.9437103,-51.4674568
2010-01-08 10:45:00,85.9263687,-51.4700012
2010-01-08 11:05:00,85.9019928,-51.4707527
2010-01-08 12:21:00,85.8201599,-51.4738312
2010-01-08 13:05:00,85.7755356,-51.476387
2010-01-08 13:50:00,85.7286606,-51.4826889
2010-01-08 14:34:00,85.6856003,-51.4887428
2010-01-08 15:52:00,85.5981445,-51.5011368
2010-01-08 16:28:00,85.5572739,-51.5157166
2010-01-08 16:49:00,85.5331116,-51.5215454
2010-01-08 17:26:00,85.486824,-51.5305138
2010-01-09 00:22:00,84.8352432,-51.5403519
2010-01-09 00:45:00,84.8144913,-51.5310402
2010-01-09 01:49:00,84.7528763,-51.5085297
2010-01-09 02:25:00,84.7151031,-51.4984512
2010-01-09 02:46:00,84.6958389,-51.4927368
2010-01-09 03:29:00,84.6615219,-51.4827843
2010-01-09 08:00:00,84.439743,-51.4347382
2010-01-09 09:40:00,84.364975,-51.4414558
2010-01-09 11:25:00,84.3038483,-51.4519997
2010-01-09 11:51:00,84.2864304,-51.4540176
2010-01-09 13:15:00,84.2280273,-51.4497719
2010-01-09 13:42:00,84.2067719,-51.4513359
2010-01-09 14:29:00,84.1753845,-51.4502068
2010-01-09 15:15:00,84.1412582,-51.4467812
2010-01-09 16:28:00,84.0809402,-51.4519081
2010-01-09 17:04:00,84.0432205,-51.4580688
2010-01-09 22:34:00,83.6307526,-51.4766273
2010-01-10 00:14:00,83.5161591,-51.4797897
2010-01-10 00:58:00,83.4739151,-51.4853172
2010-01-10 06:05:00,83.1066513,-51.4900017
2010-01-10 07:59:00,82.9741669,-51.4784966
2010-01-10 08:54:00,82.9189606,-51.4692116
2010-01-10 09:44:00,82.8607025,-51.4638672
2010-01-10 11:05:00,82.7801971,-51.4562454
2010-01-10 11:36:00,82.7481232,-51.4578514
2010-01-10 12:03:00,82.7172852,-51.4519768
2010-01-10 12:55:00,82.6594009,-51.4445572
2010-01-10 14:10:00,82.5749741,-51.4333344
2010-01-10 14:31:00,82.5502548,-51.4380951
2010-01-10 14:56:00,82.5224152,-51.4283638
2010-01-10 15:16:00,82.500145,-51.4249954
2010-01-10 15:39:00,82.47892,-51.4211426
2010-01-11 00:35:00,82.0019608,-51.2302666
2010-01-11 00:55:00,81.9895782,-51.2223663
2010-01-11 04:39:00,81.8797302,-51.1214905
2010-01-11 07:22:00,81.8242569,-51.0593033
2010-01-11 08:14:00,81.7946701,-51.043602
2010-01-11 09:01:00,81.7593765,-51.0275612
2010-01-11 09:26:00,81.7425232,-51.0196724
2010-01-11 10:21:00,81.6943665,-51.0011215
2010-01-11 11:10:00,81.6515274,-50.9847412
2010-01-11 12:05:00,81.6099014,-50.9696198
2010-01-11 12:26:00,81.5928268,-50.9630775
2010-01-11 12:50:00,81.5710831,-50.9575844
2010-01-11 14:01:00,81.5057373,-50.9355927
2010-01-11 14:26:00,81.4831161,-50.9292183
2010-01-11 14:47:00,81.4669266,-50.9258728
2010-01-11 15:07:00,81.452919,-50.923893
2010-01-11 15:59:00,81.4033432,-50.9144745
2010-01-11 16:30:00,81.3665848,-50.9041252
2010-01-11 17:34:00,81.2888336,-50.8842506
2010-01-11 19:14:00,81.1832352,-50.8496552
2010-01-11 22:09:00,80.9901886,-50.7857971
2010-01-11 22:47:00,80.9581375,-50.7735596
2010-01-11 23:37:00,80.9067764,-50.7571259
2010-01-11 23:59:00,80.8755722,-50.7510834
2010-01-12 00:24:00,80.8449554,-50.7472
2010-01-12 00:52:00,80.8116531,-50.7439613
2010-01-12 01:17:00,80.7785873,-50.7420502
2010-01-12 01:44:00,80.7487106,-50.7415962
2010-01-12 02:07:00,80.7189865,-50.7418785
2010-01-12 02:32:00,80.6905441,-50.7415085
2010-01-12 03:16:00,80.6454773,-50.7426033
2010-01-12 04:05:00,80.6003342,-50.7462387
2010-01-12 06:39:00,80.4505615,-50.7554092
2010-01-12 07:46:00,80.3935089,-50.7625046
2010-01-12 09:26:00,80.2920685,-50.7811737
2010-01-12 09:49:00,80.2692032,-50.7850304
2010-01-12 11:02:00,80.1850586,-50.7977333
2010-01-12 11:29:00,80.1522751,-50.8008041
2010-01-12 11:54:00,80.1295624,-50.8042717
2010-01-12 12:41:00,80.0836639,-50.8098907
2010-01-12 13:27:00,80.0346298,-50.8155212
2010-01-12 13:50:00,80.0095291,-50.8199081
2010-01-12 15:02:00,79.9342346,-50.8317337
2010-01-12 16:39:00,79.7943115,-50.84021
2010-01-12 17:19:00,79.7400894,-50.8403473
2010-01-12 18:24:00,79.6595764,-50.8372002
2010-01-12 18:45:00,79.6337891,-50.8332558
2010-01-12 21:11:00,79.4339294,-50.7937508
2010-01-12 22:53:00,79.2969666,-50.7603493
2010-01-13 00:05:00,79.2173996,-50.752018
2010-01-13 00:30:00,79.1864471,-50.7495766
2010-01-13 01:20:00,79.1289749,-50.7442627
2010-01-13 01:41:00,79.1088715,-50.7443695
2010-01-13 02:07:00,79.0817261,-50.7467766
2010-01-13 02:52:00,79.0265732,-50.7445374
2010-01-13 03:39:00,78.9748001,-50.7452087
2010-01-13 04:02:00,78.9406967,-50.7448425
2010-01-13 04:25:00,78.9122314,-50.7468681
2010-01-13 05:07:00,78.8497772,-50.7390366
2010-01-13 06:10:00,78.7501068,-50.7255554
2010-01-13 06:52:00,78.6828079,-50.7133026
2010-01-13 07:24:00,78.6283646,-50.7031708
2010-01-13 07:48:00,78.5933533,-50.6934052
2010-01-13 08:09:00,78.5596161,-50.6877174
2010-01-13 09:42:00,78.4215164,-50.655899
2010-01-13 10:05:00,78.3923492,-50.6481056
2010-01-13 10:28:00,78.3648987,-50.6403465
2010-01-13 12:36:00,78.2023392,-50.5960808
2010-01-13 13:01:00,78.1725998,-50.5867424
2010-01-13 13:24:00,78.1453323,-50.5790291
2010-01-13 13:48:00,78.1176987,-50.570488
2010-01-13 14:09:00,78.0963898,-50.5619354
2010-01-13 14:31:00,78.0722427,-50.5546494
2010-01-13 15:39:00,78.0061111,-50.5428619
2010-01-13 16:16:00,77.9687119,-50.5366783
2010-01-13 17:41:00,77.8620987,-50.5150757
2010-01-13 18:12:00,77.8180695,-50.510479
2010-01-13 22:34:00,77.5242081,-50.4286842
2010-01-14 00:12:00,77.4320831,-50.3936234
2010-01-14 03:48:00,77.26297,-50.3259583
2010-01-14 06:16:00,77.1626816,-50.3000526
2010-01-14 07:04:00,77.1311493,-50.2694931
2010-01-14 09:01:00,77.0755539,-50.2242889
2010-01-14 09:27:00,77.0601883,-50.2162476
2010-01-14 09:54:00,77.0457535,-50.2069397
2010-01-14 10:19:00,77.0275803,-50.1965637
2010-01-14 11:03:00,77.0086441,-50.1883087
2010-01-14 12:11:00,76.9708176,-50.1761513
2010-01-14 12:58:00,76.9363403,-50.1682549
2010-01-14 13:24:00,76.9187317,-50.1659775
2010-01-14 13:48:00,76.9044724,-50.1633606
2010-01-14 14:37:00,76.872879,-50.1518631
2010-01-14 15:20:00,76.8414917,-50.1422386
2010-01-14 17:05:00,76.7692032,-50.1317329
2010-01-14 18:14:00,76.7238693,-50.1175995
2010-01-14 21:00:00,76.5655594,-50.0838547
2010-01-14 21:35:00,76.5297699,-50.0823746
2010-01-14 22:09:00,76.4976959,-50.0790977
2010-01-14 23:11:00,76.4498749,-50.0739136
2010-01-15 00:12:00,76.4290314,-50.0769844
2010-01-15 00:54:00,76.4159393,-50.0787086
2010-01-15 01:14:00,76.4078522,-50.0799675
2010-01-15 01:35:00,76.4032364,-50.082077
2010-01-15 04:51:00,76.3544235,-50.098568
2010-01-15 07:18:00,76.233902,-50.0860481
2010-01-15 08:01:00,76.2124252,-50.0822525
2010-01-15 10:02:00,76.131752,-50.0716934
2010-01-15 10:44:00,76.098259,-50.065258
2010-01-15 11:28:00,76.0709076,-50.0612755
2010-01-15 11:48:00,76.0586243,-50.0597763
2010-01-15 12:09:00,76.0448151,-50.0569305
2010-01-15 12:29:00,76.0304489,-50.0550537
2010-01-15 12:50:00,76.0165253,-50.0507126
2010-01-15 13:11:00,75.9995422,-50.050148
2010-01-15 13:56:00,75.9694977,-50.0455856
2010-01-15 14:56:00,75.9216385,-50.0423889
2010-01-15 15:36:00,75.8898697,-50.0373001
2010-01-15 16:37:00,75.8334732,-50.0380096
2010-01-15 16:57:00,75.8162231,-50.0368233
2010-01-15 17:32:00,75.781868,-50.032917
2010-01-15 17:54:00,75.7588577,-50.0323944
2010-01-15 18:32:00,75.7172394,-50.0329208
2010-01-16 00:01:00,75.3646545,-49.965023
2010-01-16 00:27:00,75.3402863,-49.9582024
2010-01-16 01:38:00,75.2868042,-49.933876
2010-01-16 01:58:00,75.2675858,-49.9266815
2010-01-16 02:49:00,75.2126389,-49.9192276
2010-01-16 06:44:00,74.9549255,-49.8966751
2010-01-16 11:02:00,74.6505051,-49.8655052
2010-01-16 11:24:00,74.6256943,-49.8622589
2010-01-16 14:09:00,74.4654541,-49.836834
2010-01-16 14:36:00,74.4367523,-49.8338013
2010-01-16 15:01:00,74.4072113,-49.8300247
2010-01-16 15:44:00,74.3636169,-49.8225937
2010-01-16 18:00:00,74.2016296,-49.8227234
2010-01-16 22:22:00,73.9001465,-49.881382
2010-01-16 23:39:00,73.8167267,-49.8814888
2010-01-17 00:00:00,73.7985306,-49.8826675
2010-01-17 00:41:00,73.7532501,-49.8836823
2010-01-17 01:25:00,73.7026062,-49.8815079
2010-01-17 01:51:00,73.6753387,-49.881752
2010-01-17 03:48:00,73.5614777,-49.8674049
2010-01-17 04:58:00,73.4990234,-49.8625069
2010-01-17 05:21:00,73.4775696,-49.8647537
2010-01-17 05:45:00,73.4568329,-49.8626671
2010-01-17 06:07:00,73.4404221,-49.8636131
2010-01-17 06:29:00,73.4221573,-49.8623734
2010-01-17 06:52:00,73.4006882,-49.8605194
2010-01-17 07:16:00,73.3787918,-49.8589554
2010-01-17 07:59:00,73.3379974,-49.8565483
2010-01-17 09:07:00,73.2686844,-49.8506813
2010-01-17 09:30:00,73.2468491,-49.8482437
2010-01-17 09:54:00,73.222374,-49.8437996
2010-01-17 11:31:00,73.1154099,-49.8442497
2010-01-17 12:53:00,73.0265045,-49.8420258
2010-01-17 17:30:00,72.7256317,-49.8453979
2010-01-17 23:05:00,72.3216248,-49.8164635
2010-01-17 23:49:00,72.2692337,-49.809166
2010-01-18 02:23:00,72.1130981,-49.8032112
2010-01-18 02:44:00,72.0980301,-49.8039665
2010-01-18 04:01:00,72.0379181,-49.8094254
2010-01-18 05:13:00,71.9749222,-49.8086777
2010-01-18 05:58:00,71.9400406,-49.8050346
2010-01-18 06:24:00,71.9237671,-49.8023033
2010-01-18 06:51:00,71.9054413,-49.8031464
2010-01-18 08:10:00,71.8502655,-49.7904167
2010-01-18 09:51:00,71.7671814,-49.7625046
2010-01-18 10:26:00,71.7388153,-49.7506409
2010-01-18 11:23:00,71.6866608,-49.7383003
2010-01-18 13:28:00,71.5606766,-49.7132683
2010-01-18 14:16:00,71.5191956,-49.7042007
2010-01-18 14:36:00,71.5022125,-49.6982956
2010-01-18 15:42:00,71.4400711,-49.6820946
2010-01-18 22:40:00,70.9885635,-49.5327377
2010-01-18 23:04:00,70.9655075,-49.5144348
2010-01-18 23:28:00,70.9484711,-49.4934845
2010-01-18 23:51:00,70.9177017,-49.480278
2010-01-19 00:12:00,70.8926163,-49.4645958
2010-01-19 00:40:00,70.8577957,-49.4451942
2010-01-19 01:27:00,70.791275,-49.4204292
2010-01-19 01:51:00,70.7592239,-49.4086494
2010-01-19 02:19:00,70.7207108,-49.3968506
2010-01-19 03:27:00,70.6420212,-49.3578415
2010-01-19 03:49:00,70.6129227,-49.3452911
2010-01-19 04:11:00,70.5872879,-49.3325882
2010-01-19 04:34:00,70.5688553,-49.3149376
2010-01-19 04:55:00,70.5468597,-49.3148117
2010-01-19 05:17:00,70.5297165,-49.3083153
2010-01-19 05:37:00,70.5258179,-49.3068275
2010-01-19 10:45:00,70.5226593,-49.3121262
2010-01-19 11:05:00,70.5224915,-49.3117447
